body,quantity,value,unit,source,url,retrieved,note
47 Tuc,distance,1.39473e+20,m,Baumgardt Globular Cluster Database Version 2 (Baumgardt & Vasiliev 2021 distances),https://people.smp.uq.edu.au/HolgerBaumgardt/globular/newdata/parameter.html,2026-08-31,D = 4.52 +/- 0.03 kpc. Combined Gaia EDR3 + HST + literature distances (model-dependent combination).
47 Tuc,galactocentric_distance,2.32043e+20,m,Baumgardt Globular Cluster Database Version 2,https://people.smp.uq.edu.au/HolgerBaumgardt/globular/newdata/parameter.html,2026-08-31,R_GC = 7.52 +/- 0.01 kpc (catalogue-derived).
47 Tuc,total_mass,1.76974e+36,kg,Baumgardt Globular Cluster Database Version 2 (N-body fit),https://people.smp.uq.edu.au/HolgerBaumgardt/globular/newdata/parameter.html,2026-08-31,"M = (8.90 +/- 0.05)e5 Msun. MODEL-DEPENDENT: N-body grid fitted to velocity-dispersion + surface-density profiles + mass function (Baumgardt & Hilker 2018 method; V2 updates). Not a star-count sum; the 0.05e5 error is fit uncertainty, systematics from model family/distance not included."
47 Tuc,sigma0,1.2400e+04,m/s,Baumgardt Globular Cluster Database Version 2 (N-body fit central value),https://people.smp.uq.edu.au/HolgerBaumgardt/globular/newdata/parameter.html,2026-08-31,Central 1D velocity dispersion 12.4 km/s. MODEL-DEPENDENT central extrapolation of the N-body fit; innermost observed LOS bin (4.83 arcsec) gives 12.41 +0.71/-0.65 km/s.
47 Tuc,core_radius,1.8205e+16,m,Baumgardt Globular Cluster Database Version 2 (N-body fit),https://people.smp.uq.edu.au/HolgerBaumgardt/globular/newdata/parameter.html,2026-08-31,"r_c = 0.59 pc, SPITZER (1987) DEFINITION - model-dependent; do not mix with King-profile core radius (Harris 2010: 0.36 arcmin = 0.47 pc at D=4.52 kpc)."
47 Tuc,half_light_radius_projected,1.2343e+17,m,Baumgardt Globular Cluster Database Version 2 (N-body fit),https://people.smp.uq.edu.au/HolgerBaumgardt/globular/newdata/parameter.html,2026-08-31,Projected half-light radius 4.00 pc (model-dependent).
47 Tuc,half_mass_radius_3d,1.9255e+17,m,Baumgardt Globular Cluster Database Version 2 (N-body fit),https://people.smp.uq.edu.au/HolgerBaumgardt/globular/newdata/parameter.html,2026-08-31,3D half-mass radius 6.24 pc (model-dependent).
47 Tuc,tidal_radius,4.18973e+18,m,Baumgardt Globular Cluster Database Version 2 (Webb et al. 2013 Eq. 8),https://people.smp.uq.edu.au/HolgerBaumgardt/globular/newdata/parameter.html,2026-08-31,"r_t = 135.78 pc, WEBB+2013 EQ.8 DEFINITION - model/definition-dependent. The King limiting radius from Harris c=2.07, r_c=0.36 arcmin is ~55.6 pc: NOT the same definition; a simulator must fix one definition."
47 Tuc,mass_to_light_V,1.95,Msun/Lsun,Baumgardt Globular Cluster Database Version 2,https://people.smp.uq.edu.au/HolgerBaumgardt/globular/newdata/parameter.html,2026-08-31,M/L_V = 1.95 +/- 0.09 (V band; N-body mass over Baumgardt et al. 2020 V-band luminosity - model-dependent numerator).
47 Tuc,rotation_amplitude,5.840e+03,m/s,Baumgardt Globular Cluster Database Version 2 (Sollima+2019 method),https://people.smp.uq.edu.au/HolgerBaumgardt/globular/newdata/parameter.html,2026-08-31,"A_rot = 5.84 +/- 0.37 km/s, projected rotation amplitude (P_rot=100%). Not a disk peak rotation speed."
47 Tuc,v_rot_over_sigma0,0.47,dimensionless,derived from A_rot/sigma0 (this record),https://people.smp.uq.edu.au/HolgerBaumgardt/globular/newdata/parameter.html,2026-08-31,DERIVED: 5.84/12.4 = 0.471 +/- 0.030 (error propagates A_rot only; sigma0 error unavailable).
47 Tuc,imbh_mass_upper_limit,1.1493e+33,kg,"Della Croce et al. 2024 (A&A 682, A22)",https://arxiv.org/abs/2310.15221,2026-08-31,"M_BH < 578 Msun at 3 sigma (99.7%). MODEL-DEPENDENT: action-based self-consistent DF models fitted to MUSE+HST central 3D individual-star kinematics. An upper limit, not a detection; older pulsar-based studies argued for larger IMBHs."
47 Tuc,estimated_number_of_stars,1.9e6,count,Giersz & Heggie 2011 Monte Carlo model A (12 Gyr),https://academic.oup.com/mnras/article/410/4/2698/1008661,2026-08-31,"MODEL-DEPENDENT, no formal error. Model N=1.85e6 counts single stars + binaries; ~1.87e6 individual components at binary fraction 0.0084. Catalogue N_RV=7177, N_PM=27460 are measurement-sample sizes, not star counts."
47 Tuc,sigma_los(r=0.106 pc),1.241e+04,m/s,Baumgardt V2 velocity-dispersion data (BH18 LOS RV series),https://people.smp.uq.edu.au/HolgerBaumgardt/globular/newdata/indivdata/ngc104_kin.txt,2026-08-31,r = 4.83 arcsec = 0.106 pc at D=4.52 kpc (1 arcsec = 0.02191 pc); sigma = 12.41 +0.71/-0.65 km/s. LOS radial-velocity series only (PM series excluded for tracer consistency).
47 Tuc,sigma_los(r=0.262 pc),1.271e+04,m/s,Baumgardt V2 velocity-dispersion data (BH18 LOS RV series),https://people.smp.uq.edu.au/HolgerBaumgardt/globular/newdata/indivdata/ngc104_kin.txt,2026-08-31,r = 11.94 arcsec = 0.262 pc at D=4.52 kpc (1 arcsec = 0.02191 pc); sigma = 12.71 +0.50/-0.48 km/s. LOS radial-velocity series only (PM series excluded for tracer consistency).
47 Tuc,sigma_los(r=0.541 pc),1.210e+04,m/s,Baumgardt V2 velocity-dispersion data (BH18 LOS RV series),https://people.smp.uq.edu.au/HolgerBaumgardt/globular/newdata/indivdata/ngc104_kin.txt,2026-08-31,r = 24.68 arcsec = 0.541 pc at D=4.52 kpc (1 arcsec = 0.02191 pc); sigma = 12.1 +0.24/-0.24 km/s. LOS radial-velocity series only (PM series excluded for tracer consistency).
47 Tuc,sigma_los(r=0.879 pc),1.183e+04,m/s,Baumgardt V2 velocity-dispersion data (BH18 LOS RV series),https://people.smp.uq.edu.au/HolgerBaumgardt/globular/newdata/indivdata/ngc104_kin.txt,2026-08-31,r = 40.11 arcsec = 0.879 pc at D=4.52 kpc (1 arcsec = 0.02191 pc); sigma = 11.83 +0.23/-0.23 km/s. LOS radial-velocity series only (PM series excluded for tracer consistency).
47 Tuc,sigma_los(r=1.517 pc),1.151e+04,m/s,Baumgardt V2 velocity-dispersion data (BH18 LOS RV series),https://people.smp.uq.edu.au/HolgerBaumgardt/globular/newdata/indivdata/ngc104_kin.txt,2026-08-31,r = 69.22 arcsec = 1.517 pc at D=4.52 kpc (1 arcsec = 0.02191 pc); sigma = 11.51 +0.22/-0.22 km/s. LOS radial-velocity series only (PM series excluded for tracer consistency).
47 Tuc,sigma_los(r=2.122 pc),1.097e+04,m/s,Baumgardt V2 velocity-dispersion data (BH18 LOS RV series),https://people.smp.uq.edu.au/HolgerBaumgardt/globular/newdata/indivdata/ngc104_kin.txt,2026-08-31,r = 96.83 arcsec = 2.122 pc at D=4.52 kpc (1 arcsec = 0.02191 pc); sigma = 10.97 +0.30/-0.29 km/s. LOS radial-velocity series only (PM series excluded for tracer consistency).
47 Tuc,sigma_los(r=3.696 pc),9.580e+03,m/s,Baumgardt V2 velocity-dispersion data (BH18 LOS RV series),https://people.smp.uq.edu.au/HolgerBaumgardt/globular/newdata/indivdata/ngc104_kin.txt,2026-08-31,r = 168.64 arcsec = 3.696 pc at D=4.52 kpc (1 arcsec = 0.02191 pc); sigma = 9.58 +0.51/-0.47 km/s. LOS radial-velocity series only (PM series excluded for tracer consistency).
47 Tuc,sigma_los(r=5.794 pc),8.360e+03,m/s,Baumgardt V2 velocity-dispersion data (BH18 LOS RV series),https://people.smp.uq.edu.au/HolgerBaumgardt/globular/newdata/indivdata/ngc104_kin.txt,2026-08-31,r = 264.41 arcsec = 5.794 pc at D=4.52 kpc (1 arcsec = 0.02191 pc); sigma = 8.36 +0.45/-0.42 km/s. LOS radial-velocity series only (PM series excluded for tracer consistency).
47 Tuc,sigma_los(r=8.441 pc),7.760e+03,m/s,Baumgardt V2 velocity-dispersion data (BH18 LOS RV series),https://people.smp.uq.edu.au/HolgerBaumgardt/globular/newdata/indivdata/ngc104_kin.txt,2026-08-31,r = 385.18 arcsec = 8.441 pc at D=4.52 kpc (1 arcsec = 0.02191 pc); sigma = 7.76 +0.42/-0.39 km/s. LOS radial-velocity series only (PM series excluded for tracer consistency).
47 Tuc,sigma_los(r=11.406 pc),7.080e+03,m/s,Baumgardt V2 velocity-dispersion data (BH18 LOS RV series),https://people.smp.uq.edu.au/HolgerBaumgardt/globular/newdata/indivdata/ngc104_kin.txt,2026-08-31,r = 520.49 arcsec = 11.406 pc at D=4.52 kpc (1 arcsec = 0.02191 pc); sigma = 7.08 +0.38/-0.35 km/s. LOS radial-velocity series only (PM series excluded for tracer consistency).
47 Tuc,sigma_los(r=14.019 pc),6.480e+03,m/s,Baumgardt V2 velocity-dispersion data (BH18 LOS RV series),https://people.smp.uq.edu.au/HolgerBaumgardt/globular/newdata/indivdata/ngc104_kin.txt,2026-08-31,r = 639.76 arcsec = 14.019 pc at D=4.52 kpc (1 arcsec = 0.02191 pc); sigma = 6.48 +0.35/-0.32 km/s. LOS radial-velocity series only (PM series excluded for tracer consistency).
47 Tuc,sigma_los(r=17.851 pc),5.650e+03,m/s,Baumgardt V2 velocity-dispersion data (BH18 LOS RV series),https://people.smp.uq.edu.au/HolgerBaumgardt/globular/newdata/indivdata/ngc104_kin.txt,2026-08-31,r = 814.6 arcsec = 17.851 pc at D=4.52 kpc (1 arcsec = 0.02191 pc); sigma = 5.65 +0.32/-0.29 km/s. LOS radial-velocity series only (PM series excluded for tracer consistency).
47 Tuc,sigma_los(r=21.379 pc),5.050e+03,m/s,Baumgardt V2 velocity-dispersion data (BH18 LOS RV series),https://people.smp.uq.edu.au/HolgerBaumgardt/globular/newdata/indivdata/ngc104_kin.txt,2026-08-31,r = 975.59 arcsec = 21.379 pc at D=4.52 kpc (1 arcsec = 0.02191 pc); sigma = 5.05 +0.41/-0.36 km/s. LOS radial-velocity series only (PM series excluded for tracer consistency).
47 Tuc,sigma_los(r=25.745 pc),4.660e+03,m/s,Baumgardt V2 velocity-dispersion data (BH18 LOS RV series),https://people.smp.uq.edu.au/HolgerBaumgardt/globular/newdata/indivdata/ngc104_kin.txt,2026-08-31,r = 1174.86 arcsec = 25.745 pc at D=4.52 kpc (1 arcsec = 0.02191 pc); sigma = 4.66 +0.40/-0.36 km/s. LOS radial-velocity series only (PM series excluded for tracer consistency).
47 Tuc,sigma_los(r=35.529 pc),3.960e+03,m/s,Baumgardt V2 velocity-dispersion data (BH18 LOS RV series),https://people.smp.uq.edu.au/HolgerBaumgardt/globular/newdata/indivdata/ngc104_kin.txt,2026-08-31,r = 1621.33 arcsec = 35.529 pc at D=4.52 kpc (1 arcsec = 0.02191 pc); sigma = 3.96 +0.34/-0.30 km/s. LOS radial-velocity series only (PM series excluded for tracer consistency).
47 Tuc,sigma_los(r=54.711 pc),2.800e+03,m/s,Baumgardt V2 velocity-dispersion data (BH18 LOS RV series),https://people.smp.uq.edu.au/HolgerBaumgardt/globular/newdata/indivdata/ngc104_kin.txt,2026-08-31,r = 2496.69 arcsec = 54.711 pc at D=4.52 kpc (1 arcsec = 0.02191 pc); sigma = 2.8 +0.54/-0.44 km/s. LOS radial-velocity series only (PM series excluded for tracer consistency).
NGC 3198,distance,4.25824e+23,m,"SPARC (Lelli, McGaugh & Schombert 2016)",https://astroweb.cwru.edu/SPARC/,2026-08-31,"D = 13.80 +/- 1.40 Mpc (Cepheid P-L, SPARC distance flag 3). Physical radii scale as D, luminosity and HI mass as D^2 - declare when mixing with Begeman 1989 (D=9.4 Mpc)."
NGC 3198,inclination,73.0,deg,"SPARC (Lelli, McGaugh & Schombert 2016)",https://astroweb.cwru.edu/SPARC/,2026-08-31,i = 73 +/- 3 deg (outer HI tilted-ring representative). SPARC Vobs is ALREADY DEPROJECTED - do not divide by sin(i) again. Daigle+2006 Halpha tilted-ring gives 69.8 +/- 0.8 deg: treat the difference as model error. eVobs excludes inclination systematics.
NGC 3198,luminosity_3.6um,3.82790e+10,Lsun,"SPARC (Lelli, McGaugh & Schombert 2016)",https://astroweb.cwru.edu/SPARC/,2026-08-31,L[3.6] = (38.279 +/- 0.212)e9 Lsun (Spitzer 3.6 um; scales as D^2).
NGC 3198,half_light_radius_total,1.8020e+20,m,"SPARC (Lelli, McGaugh & Schombert 2016)",https://astroweb.cwru.edu/SPARC/,2026-08-31,R_eff(total 3.6 um) = 5.84 kpc. Distinct from a disk-only Sersic R_e.
NGC 3198,disk_scale_length,9.6890e+19,m,"SPARC (Lelli, McGaugh & Schombert 2016)",https://astroweb.cwru.edu/SPARC/,2026-08-31,"R_d = 3.14 kpc (exponential fit to the outer 3.6 um disk). Pure-exponential equivalent R_e = 1.678 R_d = 5.27 kpc is a DERIVED value, not a measured Sersic fit."
NGC 3198,sersic_n_disk,1,dimensionless,derived interpretation of SPARC exponential disk,https://astroweb.cwru.edu/SPARC/,2026-08-31,"DERIVED/EQUIVALENT value only: SPARC uses a NON-PARAMETRIC bulge-disk decomposition and does not fit a Sersic index for NGC 3198; the exponential disk is Sersic n=1 by definition. Bulge: none (SPARC L_bul=0, all Vbul=0)."
NGC 3198,hi_mass,2.16127e+40,kg,"SPARC (Lelli, McGaugh & Schombert 2016)",https://astroweb.cwru.edu/SPARC/,2026-08-31,M_HI = 10.869e9 Msun (neutral hydrogen only; x1.33 for He when building the gas model; scales as D^2). HALOGAS (Gentile+2013) gives ~1.08e10 Msun at the same D - consistent.
NGC 3198,hi_radius,1.1004e+21,m,"SPARC (Lelli, McGaugh & Schombert 2016)",https://astroweb.cwru.edu/SPARC/,2026-08-31,R_HI = 35.66 kpc where face-on Sigma_HI = 1 Msun/pc^2 (catalogue definition - do not equate with Begeman tilted-ring radii).
NGC 3198,v_flat,1.5010e+05,m/s,"SPARC (Lelli, McGaugh & Schombert 2016)",https://astroweb.cwru.edu/SPARC/,2026-08-31,V_flat = 150.1 +/- 3.9 km/s (SPARC flat-part indicator; rotation-curve quality flag 1 = high).
NGC 3198,stellar_mass_to_light_3.6um_disk,0.5,Msun/Lsun,SPARC fiducial convention,https://astroweb.cwru.edu/SPARC/,2026-08-31,"CONVENTION, not a measurement: SPARC tabulates Vdisk at Upsilon=1 Msun/Lsun at 3.6 um; the fiducial mass model uses Upsilon_disk=0.5. Stellar mass M* ~ 1.914e10 Msun DERIVES from L[3.6] x 0.5 (depends on D^2 and Upsilon)."
NGC 3198,v_rot(r=0.32 kpc),2.4400e+04,m/s,"SPARC (Lelli, McGaugh & Schombert 2016) rotmod (Da06/Be91/Be87 hybrid)",https://raw.githubusercontent.com/carsondowns-cte/Rotmod_LTG/refs/heads/main/NGC3198_rotmod.dat,2026-08-31,"Vobs = 24.4 +/- 35.9 km/s (already deprojected, i=73 deg); tracer Ha-dominant is a PROVENANCE ESTIMATE (SPARC has no row-level tracer flag). I_disk[3.6] = 1084.92 Lsun/pc^2 at Upsilon=1 (observed photometry input). r scales with D=13.8 Mpc."
NGC 3198,v_rot(r=0.64 kpc),4.3300e+04,m/s,"SPARC (Lelli, McGaugh & Schombert 2016) rotmod (Da06/Be91/Be87 hybrid)",https://raw.githubusercontent.com/carsondowns-cte/Rotmod_LTG/refs/heads/main/NGC3198_rotmod.dat,2026-08-31,"Vobs = 43.3 +/- 16.3 km/s (already deprojected, i=73 deg); tracer Ha-dominant is a PROVENANCE ESTIMATE (SPARC has no row-level tracer flag). I_disk[3.6] = 590.57 Lsun/pc^2 at Upsilon=1 (observed photometry input). r scales with D=13.8 Mpc."
NGC 3198,v_rot(r=0.96 kpc),4.5500e+04,m/s,"SPARC (Lelli, McGaugh & Schombert 2016) rotmod (Da06/Be91/Be87 hybrid)",https://raw.githubusercontent.com/carsondowns-cte/Rotmod_LTG/refs/heads/main/NGC3198_rotmod.dat,2026-08-31,"Vobs = 45.5 +/- 16.1 km/s (already deprojected, i=73 deg); tracer Ha-dominant is a PROVENANCE ESTIMATE (SPARC has no row-level tracer flag). I_disk[3.6] = 410.97 Lsun/pc^2 at Upsilon=1 (observed photometry input). r scales with D=13.8 Mpc."
NGC 3198,v_rot(r=1.28 kpc),5.8500e+04,m/s,"SPARC (Lelli, McGaugh & Schombert 2016) rotmod (Da06/Be91/Be87 hybrid)",https://raw.githubusercontent.com/carsondowns-cte/Rotmod_LTG/refs/heads/main/NGC3198_rotmod.dat,2026-08-31,"Vobs = 58.5 +/- 15.4 km/s (already deprojected, i=73 deg); tracer Ha-dominant is a PROVENANCE ESTIMATE (SPARC has no row-level tracer flag). I_disk[3.6] = 329.34 Lsun/pc^2 at Upsilon=1 (observed photometry input). r scales with D=13.8 Mpc."
NGC 3198,v_rot(r=1.61 kpc),6.8800e+04,m/s,"SPARC (Lelli, McGaugh & Schombert 2016) rotmod (Da06/Be91/Be87 hybrid)",https://raw.githubusercontent.com/carsondowns-cte/Rotmod_LTG/refs/heads/main/NGC3198_rotmod.dat,2026-08-31,"Vobs = 68.8 +/- 7.61 km/s (already deprojected, i=73 deg); tracer Ha-dominant is a PROVENANCE ESTIMATE (SPARC has no row-level tracer flag). I_disk[3.6] = 268.62 Lsun/pc^2 at Upsilon=1 (observed photometry input). r scales with D=13.8 Mpc."
NGC 3198,v_rot(r=1.93 kpc),7.6900e+04,m/s,"SPARC (Lelli, McGaugh & Schombert 2016) rotmod (Da06/Be91/Be87 hybrid)",https://raw.githubusercontent.com/carsondowns-cte/Rotmod_LTG/refs/heads/main/NGC3198_rotmod.dat,2026-08-31,"Vobs = 76.9 +/- 10.3 km/s (already deprojected, i=73 deg); tracer Ha-dominant is a PROVENANCE ESTIMATE (SPARC has no row-level tracer flag). I_disk[3.6] = 247.67 Lsun/pc^2 at Upsilon=1 (observed photometry input). r scales with D=13.8 Mpc."
NGC 3198,v_rot(r=2.24 kpc),8.2000e+04,m/s,"SPARC (Lelli, McGaugh & Schombert 2016) rotmod (Da06/Be91/Be87 hybrid)",https://raw.githubusercontent.com/carsondowns-cte/Rotmod_LTG/refs/heads/main/NGC3198_rotmod.dat,2026-08-31,"Vobs = 82.0 +/- 8.09 km/s (already deprojected, i=73 deg); tracer Ha-dominant is a PROVENANCE ESTIMATE (SPARC has no row-level tracer flag). I_disk[3.6] = 227.56 Lsun/pc^2 at Upsilon=1 (observed photometry input). r scales with D=13.8 Mpc."
NGC 3198,v_rot(r=2.57 kpc),8.6900e+04,m/s,"SPARC (Lelli, McGaugh & Schombert 2016) rotmod (Da06/Be91/Be87 hybrid)",https://raw.githubusercontent.com/carsondowns-cte/Rotmod_LTG/refs/heads/main/NGC3198_rotmod.dat,2026-08-31,"Vobs = 86.9 +/- 7.6 km/s (already deprojected, i=73 deg); tracer Ha-dominant is a PROVENANCE ESTIMATE (SPARC has no row-level tracer flag). I_disk[3.6] = 205.02 Lsun/pc^2 at Upsilon=1 (observed photometry input). r scales with D=13.8 Mpc."
NGC 3198,v_rot(r=2.89 kpc),9.7600e+04,m/s,"SPARC (Lelli, McGaugh & Schombert 2016) rotmod (Da06/Be91/Be87 hybrid)",https://raw.githubusercontent.com/carsondowns-cte/Rotmod_LTG/refs/heads/main/NGC3198_rotmod.dat,2026-08-31,"Vobs = 97.6 +/- 3.03 km/s (already deprojected, i=73 deg); tracer Ha-dominant is a PROVENANCE ESTIMATE (SPARC has no row-level tracer flag). I_disk[3.6] = 200.2 Lsun/pc^2 at Upsilon=1 (observed photometry input). r scales with D=13.8 Mpc."
NGC 3198,v_rot(r=3.21 kpc),1.0000e+05,m/s,"SPARC (Lelli, McGaugh & Schombert 2016) rotmod (Da06/Be91/Be87 hybrid)",https://raw.githubusercontent.com/carsondowns-cte/Rotmod_LTG/refs/heads/main/NGC3198_rotmod.dat,2026-08-31,"Vobs = 100.0 +/- 5.31 km/s (already deprojected, i=73 deg); tracer Ha-dominant is a PROVENANCE ESTIMATE (SPARC has no row-level tracer flag). I_disk[3.6] = 208.58 Lsun/pc^2 at Upsilon=1 (observed photometry input). r scales with D=13.8 Mpc."
NGC 3198,v_rot(r=3.54 kpc),1.0700e+05,m/s,"SPARC (Lelli, McGaugh & Schombert 2016) rotmod (Da06/Be91/Be87 hybrid)",https://raw.githubusercontent.com/carsondowns-cte/Rotmod_LTG/refs/heads/main/NGC3198_rotmod.dat,2026-08-31,"Vobs = 107.0 +/- 7.51 km/s (already deprojected, i=73 deg); tracer Ha-dominant is a PROVENANCE ESTIMATE (SPARC has no row-level tracer flag). I_disk[3.6] = 208.47 Lsun/pc^2 at Upsilon=1 (observed photometry input). r scales with D=13.8 Mpc."
NGC 3198,v_rot(r=3.85 kpc),1.1300e+05,m/s,"SPARC (Lelli, McGaugh & Schombert 2016) rotmod (Da06/Be91/Be87 hybrid)",https://raw.githubusercontent.com/carsondowns-cte/Rotmod_LTG/refs/heads/main/NGC3198_rotmod.dat,2026-08-31,"Vobs = 113.0 +/- 7.32 km/s (already deprojected, i=73 deg); tracer Ha-dominant is a PROVENANCE ESTIMATE (SPARC has no row-level tracer flag). I_disk[3.6] = 196.07 Lsun/pc^2 at Upsilon=1 (observed photometry input). r scales with D=13.8 Mpc."
NGC 3198,v_rot(r=4.17 kpc),1.1700e+05,m/s,"SPARC (Lelli, McGaugh & Schombert 2016) rotmod (Da06/Be91/Be87 hybrid)",https://raw.githubusercontent.com/carsondowns-cte/Rotmod_LTG/refs/heads/main/NGC3198_rotmod.dat,2026-08-31,"Vobs = 117.0 +/- 5.21 km/s (already deprojected, i=73 deg); tracer Ha-dominant is a PROVENANCE ESTIMATE (SPARC has no row-level tracer flag). I_disk[3.6] = 179.96 Lsun/pc^2 at Upsilon=1 (observed photometry input). r scales with D=13.8 Mpc."
NGC 3198,v_rot(r=4.5 kpc),1.1900e+05,m/s,"SPARC (Lelli, McGaugh & Schombert 2016) rotmod (Da06/Be91/Be87 hybrid)",https://raw.githubusercontent.com/carsondowns-cte/Rotmod_LTG/refs/heads/main/NGC3198_rotmod.dat,2026-08-31,"Vobs = 119.0 +/- 5.67 km/s (already deprojected, i=73 deg); tracer Ha-dominant is a PROVENANCE ESTIMATE (SPARC has no row-level tracer flag). I_disk[3.6] = 164.19 Lsun/pc^2 at Upsilon=1 (observed photometry input). r scales with D=13.8 Mpc."
NGC 3198,v_rot(r=4.82 kpc),1.2700e+05,m/s,"SPARC (Lelli, McGaugh & Schombert 2016) rotmod (Da06/Be91/Be87 hybrid)",https://raw.githubusercontent.com/carsondowns-cte/Rotmod_LTG/refs/heads/main/NGC3198_rotmod.dat,2026-08-31,"Vobs = 127.0 +/- 5.39 km/s (already deprojected, i=73 deg); tracer Ha-dominant is a PROVENANCE ESTIMATE (SPARC has no row-level tracer flag). I_disk[3.6] = 150.99 Lsun/pc^2 at Upsilon=1 (observed photometry input). r scales with D=13.8 Mpc."
NGC 3198,v_rot(r=5.15 kpc),1.3200e+05,m/s,"SPARC (Lelli, McGaugh & Schombert 2016) rotmod (Da06/Be91/Be87 hybrid)",https://raw.githubusercontent.com/carsondowns-cte/Rotmod_LTG/refs/heads/main/NGC3198_rotmod.dat,2026-08-31,"Vobs = 132.0 +/- 4.34 km/s (already deprojected, i=73 deg); tracer Ha-dominant is a PROVENANCE ESTIMATE (SPARC has no row-level tracer flag). I_disk[3.6] = 138.08 Lsun/pc^2 at Upsilon=1 (observed photometry input). r scales with D=13.8 Mpc."
NGC 3198,v_rot(r=5.46 kpc),1.3400e+05,m/s,"SPARC (Lelli, McGaugh & Schombert 2016) rotmod (Da06/Be91/Be87 hybrid)",https://raw.githubusercontent.com/carsondowns-cte/Rotmod_LTG/refs/heads/main/NGC3198_rotmod.dat,2026-08-31,"Vobs = 134.0 +/- 2.36 km/s (already deprojected, i=73 deg); tracer Ha-dominant is a PROVENANCE ESTIMATE (SPARC has no row-level tracer flag). I_disk[3.6] = 126.0 Lsun/pc^2 at Upsilon=1 (observed photometry input). r scales with D=13.8 Mpc."
NGC 3198,v_rot(r=5.78 kpc),1.3700e+05,m/s,"SPARC (Lelli, McGaugh & Schombert 2016) rotmod (Da06/Be91/Be87 hybrid)",https://raw.githubusercontent.com/carsondowns-cte/Rotmod_LTG/refs/heads/main/NGC3198_rotmod.dat,2026-08-31,"Vobs = 137.0 +/- 0.89 km/s (already deprojected, i=73 deg); tracer Ha-dominant is a PROVENANCE ESTIMATE (SPARC has no row-level tracer flag). I_disk[3.6] = 113.63 Lsun/pc^2 at Upsilon=1 (observed photometry input). r scales with D=13.8 Mpc."
NGC 3198,v_rot(r=6.1 kpc),1.4000e+05,m/s,"SPARC (Lelli, McGaugh & Schombert 2016) rotmod (Da06/Be91/Be87 hybrid)",https://raw.githubusercontent.com/carsondowns-cte/Rotmod_LTG/refs/heads/main/NGC3198_rotmod.dat,2026-08-31,"Vobs = 140.0 +/- 2.84 km/s (already deprojected, i=73 deg); tracer Ha-dominant is a PROVENANCE ESTIMATE (SPARC has no row-level tracer flag). I_disk[3.6] = 101.19 Lsun/pc^2 at Upsilon=1 (observed photometry input). r scales with D=13.8 Mpc."
NGC 3198,v_rot(r=6.43 kpc),1.4200e+05,m/s,"SPARC (Lelli, McGaugh & Schombert 2016) rotmod (Da06/Be91/Be87 hybrid)",https://raw.githubusercontent.com/carsondowns-cte/Rotmod_LTG/refs/heads/main/NGC3198_rotmod.dat,2026-08-31,"Vobs = 142.0 +/- 0.88 km/s (already deprojected, i=73 deg); tracer Ha-dominant is a PROVENANCE ESTIMATE (SPARC has no row-level tracer flag). I_disk[3.6] = 86.52 Lsun/pc^2 at Upsilon=1 (observed photometry input). r scales with D=13.8 Mpc."
NGC 3198,v_rot(r=6.74 kpc),1.4400e+05,m/s,"SPARC (Lelli, McGaugh & Schombert 2016) rotmod (Da06/Be91/Be87 hybrid)",https://raw.githubusercontent.com/carsondowns-cte/Rotmod_LTG/refs/heads/main/NGC3198_rotmod.dat,2026-08-31,"Vobs = 144.0 +/- 1.23 km/s (already deprojected, i=73 deg); tracer Ha-dominant is a PROVENANCE ESTIMATE (SPARC has no row-level tracer flag). I_disk[3.6] = 70.23 Lsun/pc^2 at Upsilon=1 (observed photometry input). r scales with D=13.8 Mpc."
NGC 3198,v_rot(r=7.06 kpc),1.4600e+05,m/s,"SPARC (Lelli, McGaugh & Schombert 2016) rotmod (Da06/Be91/Be87 hybrid)",https://raw.githubusercontent.com/carsondowns-cte/Rotmod_LTG/refs/heads/main/NGC3198_rotmod.dat,2026-08-31,"Vobs = 146.0 +/- 1.57 km/s (already deprojected, i=73 deg); tracer Ha-dominant is a PROVENANCE ESTIMATE (SPARC has no row-level tracer flag). I_disk[3.6] = 57.67 Lsun/pc^2 at Upsilon=1 (observed photometry input). r scales with D=13.8 Mpc."
NGC 3198,v_rot(r=8.04 kpc),1.4700e+05,m/s,"SPARC (Lelli, McGaugh & Schombert 2016) rotmod (Da06/Be91/Be87 hybrid)",https://raw.githubusercontent.com/carsondowns-cte/Rotmod_LTG/refs/heads/main/NGC3198_rotmod.dat,2026-08-31,"Vobs = 147.0 +/- 3.0 km/s (already deprojected, i=73 deg); tracer HI-dominant is a PROVENANCE ESTIMATE (SPARC has no row-level tracer flag). I_disk[3.6] = 40.74 Lsun/pc^2 at Upsilon=1 (observed photometry input). r scales with D=13.8 Mpc."
NGC 3198,v_rot(r=9.04 kpc),1.4800e+05,m/s,"SPARC (Lelli, McGaugh & Schombert 2016) rotmod (Da06/Be91/Be87 hybrid)",https://raw.githubusercontent.com/carsondowns-cte/Rotmod_LTG/refs/heads/main/NGC3198_rotmod.dat,2026-08-31,"Vobs = 148.0 +/- 3.0 km/s (already deprojected, i=73 deg); tracer HI-dominant is a PROVENANCE ESTIMATE (SPARC has no row-level tracer flag). I_disk[3.6] = 31.83 Lsun/pc^2 at Upsilon=1 (observed photometry input). r scales with D=13.8 Mpc."
NGC 3198,v_rot(r=10.04 kpc),1.5200e+05,m/s,"SPARC (Lelli, McGaugh & Schombert 2016) rotmod (Da06/Be91/Be87 hybrid)",https://raw.githubusercontent.com/carsondowns-cte/Rotmod_LTG/refs/heads/main/NGC3198_rotmod.dat,2026-08-31,"Vobs = 152.0 +/- 2.0 km/s (already deprojected, i=73 deg); tracer HI-dominant is a PROVENANCE ESTIMATE (SPARC has no row-level tracer flag). I_disk[3.6] = 26.64 Lsun/pc^2 at Upsilon=1 (observed photometry input). r scales with D=13.8 Mpc."
NGC 3198,v_rot(r=11.04 kpc),1.5500e+05,m/s,"SPARC (Lelli, McGaugh & Schombert 2016) rotmod (Da06/Be91/Be87 hybrid)",https://raw.githubusercontent.com/carsondowns-cte/Rotmod_LTG/refs/heads/main/NGC3198_rotmod.dat,2026-08-31,"Vobs = 155.0 +/- 2.0 km/s (already deprojected, i=73 deg); tracer HI-dominant is a PROVENANCE ESTIMATE (SPARC has no row-level tracer flag). I_disk[3.6] = 21.02 Lsun/pc^2 at Upsilon=1 (observed photometry input). r scales with D=13.8 Mpc."
NGC 3198,v_rot(r=12.05 kpc),1.5600e+05,m/s,"SPARC (Lelli, McGaugh & Schombert 2016) rotmod (Da06/Be91/Be87 hybrid)",https://raw.githubusercontent.com/carsondowns-cte/Rotmod_LTG/refs/heads/main/NGC3198_rotmod.dat,2026-08-31,"Vobs = 156.0 +/- 2.0 km/s (already deprojected, i=73 deg); tracer HI-dominant is a PROVENANCE ESTIMATE (SPARC has no row-level tracer flag). I_disk[3.6] = 15.42 Lsun/pc^2 at Upsilon=1 (observed photometry input). r scales with D=13.8 Mpc."
NGC 3198,v_rot(r=14.05 kpc),1.5700e+05,m/s,"SPARC (Lelli, McGaugh & Schombert 2016) rotmod (Da06/Be91/Be87 hybrid)",https://raw.githubusercontent.com/carsondowns-cte/Rotmod_LTG/refs/heads/main/NGC3198_rotmod.dat,2026-08-31,"Vobs = 157.0 +/- 2.0 km/s (already deprojected, i=73 deg); tracer HI-dominant is a PROVENANCE ESTIMATE (SPARC has no row-level tracer flag). I_disk[3.6] = 6.42 Lsun/pc^2 at Upsilon=1 (observed photometry input). r scales with D=13.8 Mpc."
NGC 3198,v_rot(r=16.07 kpc),1.5300e+05,m/s,"SPARC (Lelli, McGaugh & Schombert 2016) rotmod (Da06/Be91/Be87 hybrid)",https://raw.githubusercontent.com/carsondowns-cte/Rotmod_LTG/refs/heads/main/NGC3198_rotmod.dat,2026-08-31,"Vobs = 153.0 +/- 2.0 km/s (already deprojected, i=73 deg); tracer HI-dominant is a PROVENANCE ESTIMATE (SPARC has no row-level tracer flag). I_disk[3.6] = 2.95 Lsun/pc^2 at Upsilon=1 (observed photometry input). r scales with D=13.8 Mpc."
NGC 3198,v_rot(r=18.13 kpc),1.5300e+05,m/s,"SPARC (Lelli, McGaugh & Schombert 2016) rotmod (Da06/Be91/Be87 hybrid)",https://raw.githubusercontent.com/carsondowns-cte/Rotmod_LTG/refs/heads/main/NGC3198_rotmod.dat,2026-08-31,"Vobs = 153.0 +/- 2.0 km/s (already deprojected, i=73 deg); tracer HI-dominant is a PROVENANCE ESTIMATE (SPARC has no row-level tracer flag). I_disk[3.6] = 2.39 Lsun/pc^2 at Upsilon=1 (observed photometry input). r scales with D=13.8 Mpc."
NGC 3198,v_rot(r=20.05 kpc),1.5400e+05,m/s,"SPARC (Lelli, McGaugh & Schombert 2016) rotmod (Da06/Be91/Be87 hybrid)",https://raw.githubusercontent.com/carsondowns-cte/Rotmod_LTG/refs/heads/main/NGC3198_rotmod.dat,2026-08-31,"Vobs = 154.0 +/- 2.0 km/s (already deprojected, i=73 deg); tracer HI-dominant is a PROVENANCE ESTIMATE (SPARC has no row-level tracer flag). I_disk[3.6] = 1.44 Lsun/pc^2 at Upsilon=1 (observed photometry input). r scales with D=13.8 Mpc."
NGC 3198,v_rot(r=22.12 kpc),1.5300e+05,m/s,"SPARC (Lelli, McGaugh & Schombert 2016) rotmod (Da06/Be91/Be87 hybrid)",https://raw.githubusercontent.com/carsondowns-cte/Rotmod_LTG/refs/heads/main/NGC3198_rotmod.dat,2026-08-31,"Vobs = 153.0 +/- 2.0 km/s (already deprojected, i=73 deg); tracer HI-dominant is a PROVENANCE ESTIMATE (SPARC has no row-level tracer flag). I_disk[3.6] = 0.72 Lsun/pc^2 at Upsilon=1 (observed photometry input). r scales with D=13.8 Mpc."
NGC 3198,v_rot(r=24.03 kpc),1.5000e+05,m/s,"SPARC (Lelli, McGaugh & Schombert 2016) rotmod (Da06/Be91/Be87 hybrid)",https://raw.githubusercontent.com/carsondowns-cte/Rotmod_LTG/refs/heads/main/NGC3198_rotmod.dat,2026-08-31,"Vobs = 150.0 +/- 2.0 km/s (already deprojected, i=73 deg); tracer HI-dominant is a PROVENANCE ESTIMATE (SPARC has no row-level tracer flag). I_disk[3.6] = 0.28 Lsun/pc^2 at Upsilon=1 (observed photometry input). r scales with D=13.8 Mpc."
NGC 3198,v_rot(r=26.1 kpc),1.4900e+05,m/s,"SPARC (Lelli, McGaugh & Schombert 2016) rotmod (Da06/Be91/Be87 hybrid)",https://raw.githubusercontent.com/carsondowns-cte/Rotmod_LTG/refs/heads/main/NGC3198_rotmod.dat,2026-08-31,"Vobs = 149.0 +/- 2.0 km/s (already deprojected, i=73 deg); tracer HI-dominant is a PROVENANCE ESTIMATE (SPARC has no row-level tracer flag). I_disk[3.6] = 0.16 Lsun/pc^2 at Upsilon=1 (observed photometry input). r scales with D=13.8 Mpc."
NGC 3198,v_rot(r=28.16 kpc),1.4800e+05,m/s,"SPARC (Lelli, McGaugh & Schombert 2016) rotmod (Da06/Be91/Be87 hybrid)",https://raw.githubusercontent.com/carsondowns-cte/Rotmod_LTG/refs/heads/main/NGC3198_rotmod.dat,2026-08-31,"Vobs = 148.0 +/- 2.0 km/s (already deprojected, i=73 deg); tracer HI-dominant is a PROVENANCE ESTIMATE (SPARC has no row-level tracer flag). I_disk[3.6] = 0.08 Lsun/pc^2 at Upsilon=1 (observed photometry input). r scales with D=13.8 Mpc."
NGC 3198,v_rot(r=30.08 kpc),1.4600e+05,m/s,"SPARC (Lelli, McGaugh & Schombert 2016) rotmod (Da06/Be91/Be87 hybrid)",https://raw.githubusercontent.com/carsondowns-cte/Rotmod_LTG/refs/heads/main/NGC3198_rotmod.dat,2026-08-31,"Vobs = 146.0 +/- 2.0 km/s (already deprojected, i=73 deg); tracer HI-dominant is a PROVENANCE ESTIMATE (SPARC has no row-level tracer flag). I_disk[3.6] = 0.04 Lsun/pc^2 at Upsilon=1 (observed photometry input). r scales with D=13.8 Mpc."
NGC 3198,v_rot(r=32.14 kpc),1.4700e+05,m/s,"SPARC (Lelli, McGaugh & Schombert 2016) rotmod (Da06/Be91/Be87 hybrid)",https://raw.githubusercontent.com/carsondowns-cte/Rotmod_LTG/refs/heads/main/NGC3198_rotmod.dat,2026-08-31,"Vobs = 147.0 +/- 2.0 km/s (already deprojected, i=73 deg); tracer HI-dominant is a PROVENANCE ESTIMATE (SPARC has no row-level tracer flag). I_disk[3.6] = 0.02 Lsun/pc^2 at Upsilon=1 (observed photometry input). r scales with D=13.8 Mpc."
NGC 3198,v_rot(r=34.06 kpc),1.4800e+05,m/s,"SPARC (Lelli, McGaugh & Schombert 2016) rotmod (Da06/Be91/Be87 hybrid)",https://raw.githubusercontent.com/carsondowns-cte/Rotmod_LTG/refs/heads/main/NGC3198_rotmod.dat,2026-08-31,"Vobs = 148.0 +/- 2.0 km/s (already deprojected, i=73 deg); tracer HI-dominant is a PROVENANCE ESTIMATE (SPARC has no row-level tracer flag). I_disk[3.6] = 0.01 Lsun/pc^2 at Upsilon=1 (observed photometry input). r scales with D=13.8 Mpc."
NGC 3198,v_rot(r=36.12 kpc),1.4800e+05,m/s,"SPARC (Lelli, McGaugh & Schombert 2016) rotmod (Da06/Be91/Be87 hybrid)",https://raw.githubusercontent.com/carsondowns-cte/Rotmod_LTG/refs/heads/main/NGC3198_rotmod.dat,2026-08-31,"Vobs = 148.0 +/- 2.0 km/s (already deprojected, i=73 deg); tracer HI-dominant is a PROVENANCE ESTIMATE (SPARC has no row-level tracer flag). I_disk[3.6] = 0.01 Lsun/pc^2 at Upsilon=1 (observed photometry input). r scales with D=13.8 Mpc."
NGC 3198,v_rot(r=38.19 kpc),1.4900e+05,m/s,"SPARC (Lelli, McGaugh & Schombert 2016) rotmod (Da06/Be91/Be87 hybrid)",https://raw.githubusercontent.com/carsondowns-cte/Rotmod_LTG/refs/heads/main/NGC3198_rotmod.dat,2026-08-31,"Vobs = 149.0 +/- 2.0 km/s (already deprojected, i=73 deg); tracer HI-dominant is a PROVENANCE ESTIMATE (SPARC has no row-level tracer flag). I_disk[3.6] = 0.0 Lsun/pc^2 at Upsilon=1 (observed photometry input). r scales with D=13.8 Mpc."
NGC 3198,v_rot(r=40.1 kpc),1.5000e+05,m/s,"SPARC (Lelli, McGaugh & Schombert 2016) rotmod (Da06/Be91/Be87 hybrid)",https://raw.githubusercontent.com/carsondowns-cte/Rotmod_LTG/refs/heads/main/NGC3198_rotmod.dat,2026-08-31,"Vobs = 150.0 +/- 2.0 km/s (already deprojected, i=73 deg); tracer HI-dominant is a PROVENANCE ESTIMATE (SPARC has no row-level tracer flag). I_disk[3.6] = 0.0 Lsun/pc^2 at Upsilon=1 (observed photometry input). r scales with D=13.8 Mpc."
NGC 3198,v_rot(r=42.17 kpc),1.5000e+05,m/s,"SPARC (Lelli, McGaugh & Schombert 2016) rotmod (Da06/Be91/Be87 hybrid)",https://raw.githubusercontent.com/carsondowns-cte/Rotmod_LTG/refs/heads/main/NGC3198_rotmod.dat,2026-08-31,"Vobs = 150.0 +/- 3.0 km/s (already deprojected, i=73 deg); tracer HI-dominant is a PROVENANCE ESTIMATE (SPARC has no row-level tracer flag). I_disk[3.6] = 0.0 Lsun/pc^2 at Upsilon=1 (observed photometry input). r scales with D=13.8 Mpc."
NGC 3198,v_rot(r=44.08 kpc),1.4900e+05,m/s,"SPARC (Lelli, McGaugh & Schombert 2016) rotmod (Da06/Be91/Be87 hybrid)",https://raw.githubusercontent.com/carsondowns-cte/Rotmod_LTG/refs/heads/main/NGC3198_rotmod.dat,2026-08-31,"Vobs = 149.0 +/- 3.0 km/s (already deprojected, i=73 deg); tracer HI-dominant is a PROVENANCE ESTIMATE (SPARC has no row-level tracer flag). I_disk[3.6] = 0.0 Lsun/pc^2 at Upsilon=1 (observed photometry input). r scales with D=13.8 Mpc."
NGC 3198,sigma_hi(r=0.0 kpc),3.17,Msun/pc^2,Begeman 1989 Table 3 (WSRT 21-cm tilted-ring),https://ui.adsabs.harvard.edu/abs/1989A%26A...223...47B/abstract,2026-08-31,"r = 0.0 arcmin = 0.0 kpc at D=13.8 Mpc (original D=9.4 Mpc; radius rescaled, Sigma_HI itself is column-density based and not D^2-rescaled). HI only; x1.33 for He gives 4.22."
NGC 3198,sigma_hi(r=2.01 kpc),3.88,Msun/pc^2,Begeman 1989 Table 3 (WSRT 21-cm tilted-ring),https://ui.adsabs.harvard.edu/abs/1989A%26A...223...47B/abstract,2026-08-31,"r = 0.5 arcmin = 2.01 kpc at D=13.8 Mpc (original D=9.4 Mpc; radius rescaled, Sigma_HI itself is column-density based and not D^2-rescaled). HI only; x1.33 for He gives 5.16."
NGC 3198,sigma_hi(r=4.01 kpc),4.53,Msun/pc^2,Begeman 1989 Table 3 (WSRT 21-cm tilted-ring),https://ui.adsabs.harvard.edu/abs/1989A%26A...223...47B/abstract,2026-08-31,"r = 1.0 arcmin = 4.01 kpc at D=13.8 Mpc (original D=9.4 Mpc; radius rescaled, Sigma_HI itself is column-density based and not D^2-rescaled). HI only; x1.33 for He gives 6.02."
NGC 3198,sigma_hi(r=6.02 kpc),4.97,Msun/pc^2,Begeman 1989 Table 3 (WSRT 21-cm tilted-ring),https://ui.adsabs.harvard.edu/abs/1989A%26A...223...47B/abstract,2026-08-31,"r = 1.5 arcmin = 6.02 kpc at D=13.8 Mpc (original D=9.4 Mpc; radius rescaled, Sigma_HI itself is column-density based and not D^2-rescaled). HI only; x1.33 for He gives 6.61."
NGC 3198,sigma_hi(r=8.03 kpc),5.24,Msun/pc^2,Begeman 1989 Table 3 (WSRT 21-cm tilted-ring),https://ui.adsabs.harvard.edu/abs/1989A%26A...223...47B/abstract,2026-08-31,"r = 2.0 arcmin = 8.03 kpc at D=13.8 Mpc (original D=9.4 Mpc; radius rescaled, Sigma_HI itself is column-density based and not D^2-rescaled). HI only; x1.33 for He gives 6.97."
NGC 3198,sigma_hi(r=10.04 kpc),5.19,Msun/pc^2,Begeman 1989 Table 3 (WSRT 21-cm tilted-ring),https://ui.adsabs.harvard.edu/abs/1989A%26A...223...47B/abstract,2026-08-31,"r = 2.5 arcmin = 10.04 kpc at D=13.8 Mpc (original D=9.4 Mpc; radius rescaled, Sigma_HI itself is column-density based and not D^2-rescaled). HI only; x1.33 for He gives 6.9."
NGC 3198,sigma_hi(r=12.04 kpc),4.73,Msun/pc^2,Begeman 1989 Table 3 (WSRT 21-cm tilted-ring),https://ui.adsabs.harvard.edu/abs/1989A%26A...223...47B/abstract,2026-08-31,"r = 3.0 arcmin = 12.04 kpc at D=13.8 Mpc (original D=9.4 Mpc; radius rescaled, Sigma_HI itself is column-density based and not D^2-rescaled). HI only; x1.33 for He gives 6.29."
NGC 3198,sigma_hi(r=14.05 kpc),3.95,Msun/pc^2,Begeman 1989 Table 3 (WSRT 21-cm tilted-ring),https://ui.adsabs.harvard.edu/abs/1989A%26A...223...47B/abstract,2026-08-31,"r = 3.5 arcmin = 14.05 kpc at D=13.8 Mpc (original D=9.4 Mpc; radius rescaled, Sigma_HI itself is column-density based and not D^2-rescaled). HI only; x1.33 for He gives 5.25."
NGC 3198,sigma_hi(r=16.06 kpc),3.26,Msun/pc^2,Begeman 1989 Table 3 (WSRT 21-cm tilted-ring),https://ui.adsabs.harvard.edu/abs/1989A%26A...223...47B/abstract,2026-08-31,"r = 4.0 arcmin = 16.06 kpc at D=13.8 Mpc (original D=9.4 Mpc; radius rescaled, Sigma_HI itself is column-density based and not D^2-rescaled). HI only; x1.33 for He gives 4.34."
NGC 3198,sigma_hi(r=18.06 kpc),2.94,Msun/pc^2,Begeman 1989 Table 3 (WSRT 21-cm tilted-ring),https://ui.adsabs.harvard.edu/abs/1989A%26A...223...47B/abstract,2026-08-31,"r = 4.5 arcmin = 18.06 kpc at D=13.8 Mpc (original D=9.4 Mpc; radius rescaled, Sigma_HI itself is column-density based and not D^2-rescaled). HI only; x1.33 for He gives 3.91."
NGC 3198,sigma_hi(r=20.07 kpc),2.66,Msun/pc^2,Begeman 1989 Table 3 (WSRT 21-cm tilted-ring),https://ui.adsabs.harvard.edu/abs/1989A%26A...223...47B/abstract,2026-08-31,"r = 5.0 arcmin = 20.07 kpc at D=13.8 Mpc (original D=9.4 Mpc; radius rescaled, Sigma_HI itself is column-density based and not D^2-rescaled). HI only; x1.33 for He gives 3.54."
NGC 3198,sigma_hi(r=22.08 kpc),2.29,Msun/pc^2,Begeman 1989 Table 3 (WSRT 21-cm tilted-ring),https://ui.adsabs.harvard.edu/abs/1989A%26A...223...47B/abstract,2026-08-31,"r = 5.5 arcmin = 22.08 kpc at D=13.8 Mpc (original D=9.4 Mpc; radius rescaled, Sigma_HI itself is column-density based and not D^2-rescaled). HI only; x1.33 for He gives 3.05."
NGC 3198,sigma_hi(r=24.09 kpc),2.12,Msun/pc^2,Begeman 1989 Table 3 (WSRT 21-cm tilted-ring),https://ui.adsabs.harvard.edu/abs/1989A%26A...223...47B/abstract,2026-08-31,"r = 6.0 arcmin = 24.09 kpc at D=13.8 Mpc (original D=9.4 Mpc; radius rescaled, Sigma_HI itself is column-density based and not D^2-rescaled). HI only; x1.33 for He gives 2.82."
NGC 3198,sigma_hi(r=26.09 kpc),1.98,Msun/pc^2,Begeman 1989 Table 3 (WSRT 21-cm tilted-ring),https://ui.adsabs.harvard.edu/abs/1989A%26A...223...47B/abstract,2026-08-31,"r = 6.5 arcmin = 26.09 kpc at D=13.8 Mpc (original D=9.4 Mpc; radius rescaled, Sigma_HI itself is column-density based and not D^2-rescaled). HI only; x1.33 for He gives 2.63."
NGC 3198,sigma_hi(r=28.1 kpc),1.62,Msun/pc^2,Begeman 1989 Table 3 (WSRT 21-cm tilted-ring),https://ui.adsabs.harvard.edu/abs/1989A%26A...223...47B/abstract,2026-08-31,"r = 7.0 arcmin = 28.1 kpc at D=13.8 Mpc (original D=9.4 Mpc; radius rescaled, Sigma_HI itself is column-density based and not D^2-rescaled). HI only; x1.33 for He gives 2.15."
NGC 3198,sigma_hi(r=30.11 kpc),1.27,Msun/pc^2,Begeman 1989 Table 3 (WSRT 21-cm tilted-ring),https://ui.adsabs.harvard.edu/abs/1989A%26A...223...47B/abstract,2026-08-31,"r = 7.5 arcmin = 30.11 kpc at D=13.8 Mpc (original D=9.4 Mpc; radius rescaled, Sigma_HI itself is column-density based and not D^2-rescaled). HI only; x1.33 for He gives 1.69."
NGC 3198,sigma_hi(r=32.11 kpc),1.14,Msun/pc^2,Begeman 1989 Table 3 (WSRT 21-cm tilted-ring),https://ui.adsabs.harvard.edu/abs/1989A%26A...223...47B/abstract,2026-08-31,"r = 8.0 arcmin = 32.11 kpc at D=13.8 Mpc (original D=9.4 Mpc; radius rescaled, Sigma_HI itself is column-density based and not D^2-rescaled). HI only; x1.33 for He gives 1.52."
NGC 3198,sigma_hi(r=34.12 kpc),1.11,Msun/pc^2,Begeman 1989 Table 3 (WSRT 21-cm tilted-ring),https://ui.adsabs.harvard.edu/abs/1989A%26A...223...47B/abstract,2026-08-31,"r = 8.5 arcmin = 34.12 kpc at D=13.8 Mpc (original D=9.4 Mpc; radius rescaled, Sigma_HI itself is column-density based and not D^2-rescaled). HI only; x1.33 for He gives 1.48."
NGC 3198,sigma_hi(r=36.13 kpc),1.01,Msun/pc^2,Begeman 1989 Table 3 (WSRT 21-cm tilted-ring),https://ui.adsabs.harvard.edu/abs/1989A%26A...223...47B/abstract,2026-08-31,"r = 9.0 arcmin = 36.13 kpc at D=13.8 Mpc (original D=9.4 Mpc; radius rescaled, Sigma_HI itself is column-density based and not D^2-rescaled). HI only; x1.33 for He gives 1.34."
NGC 3198,sigma_hi(r=38.14 kpc),0.86,Msun/pc^2,Begeman 1989 Table 3 (WSRT 21-cm tilted-ring),https://ui.adsabs.harvard.edu/abs/1989A%26A...223...47B/abstract,2026-08-31,"r = 9.5 arcmin = 38.14 kpc at D=13.8 Mpc (original D=9.4 Mpc; radius rescaled, Sigma_HI itself is column-density based and not D^2-rescaled). HI only; x1.33 for He gives 1.14."
NGC 3198,sigma_hi(r=40.14 kpc),0.72,Msun/pc^2,Begeman 1989 Table 3 (WSRT 21-cm tilted-ring),https://ui.adsabs.harvard.edu/abs/1989A%26A...223...47B/abstract,2026-08-31,"r = 10.0 arcmin = 40.14 kpc at D=13.8 Mpc (original D=9.4 Mpc; radius rescaled, Sigma_HI itself is column-density based and not D^2-rescaled). HI only; x1.33 for He gives 0.96."
NGC 3198,sigma_hi(r=42.15 kpc),0.57,Msun/pc^2,Begeman 1989 Table 3 (WSRT 21-cm tilted-ring),https://ui.adsabs.harvard.edu/abs/1989A%26A...223...47B/abstract,2026-08-31,"r = 10.5 arcmin = 42.15 kpc at D=13.8 Mpc (original D=9.4 Mpc; radius rescaled, Sigma_HI itself is column-density based and not D^2-rescaled). HI only; x1.33 for He gives 0.76."
NGC 3198,sigma_hi(r=44.16 kpc),0.36,Msun/pc^2,Begeman 1989 Table 3 (WSRT 21-cm tilted-ring),https://ui.adsabs.harvard.edu/abs/1989A%26A...223...47B/abstract,2026-08-31,"r = 11.0 arcmin = 44.16 kpc at D=13.8 Mpc (original D=9.4 Mpc; radius rescaled, Sigma_HI itself is column-density based and not D^2-rescaled). HI only; x1.33 for He gives 0.48."
NGC 3198,sigma_hi(r=46.16 kpc),0.14,Msun/pc^2,Begeman 1989 Table 3 (WSRT 21-cm tilted-ring),https://ui.adsabs.harvard.edu/abs/1989A%26A...223...47B/abstract,2026-08-31,"r = 11.5 arcmin = 46.16 kpc at D=13.8 Mpc (original D=9.4 Mpc; radius rescaled, Sigma_HI itself is column-density based and not D^2-rescaled). HI only; x1.33 for He gives 0.19."
NGC 3198,rotation_curve_hi_only,28,points,Begeman 1989 Table 2 (WSRT 21-cm),https://ui.adsabs.harvard.edu/abs/1989A%26A...223...47B/abstract,2026-08-31,"POINTER ROW: a tracer-clean HI-only rotation curve (28 rings, 0.25-11 arcmin, V_c 55-157 km/s) exists in Begeman 1989 Table 2; transcribe from the source if per-tracer residuals are needed. Radii scale to D=13.8 Mpc as 1 arcmin = 4.014 kpc."
NGC 3198,dark_halo_fit_parameters,not transcribed,-,Li et al. 2020 / SPARC PXL archive,https://arxiv.org/abs/2001.10538,2026-08-31,DELIBERATELY NOT TRANSCRIBED: existing dark-matter halo best-fit values (NFW etc.) are reference-only and are kept out of the observation record so halo assumptions never mix with observed inputs.
