body,quantity,value,unit,source,url,retrieved,note,sigma,record_id,solution_id
AT2018cow,peak_bolometric_luminosity,4e44,erg/s,"Perley et al. 2019 MNRAS 484 1031 Table 3 Lbol,peak row",https://doi.org/10.1093/mnras/sty3420,2026-09-16,intake_row=2026-09-16. Observation record provided by the original hypothesis author (2026-09-16 intake B). kind=model-derived (UV-optical-NIR blackbody SED); epoch=optical/UV peak about discovery+3 d; z=0.0140; distance=60 Mpc; orig approximately 4e44 erg/s with NO printed uncertainty; sigma_kind=digits; digits=1 significant figure; the other stream carries a SECOND independent peak value from a different paper (1.7e44 erg/s) which is transcribed as its own row and NOT merged with this one; record_stream=1+2; collate=partial; gate=not-connected (this file is a RECORD ONLY - no body in it is wired to the calibration gate and the LFBOT toy preset and its obsCard were not touched); sigma_primary=unverified; verified_by=,,TRN-bcb10173,
AT2018cow,peak_bolometric_luminosity_candidate,1.7e44,erg/s,Prentice et al. 2018 ApJL 865 L3 (UVONIR 1850-23000 A peak luminosity),https://doi.org/10.3847/2041-8213/aadd90,2026-09-16,intake_row=2026-09-16. Observation record provided by the original hypothesis author (2026-09-16 intake B). kind=observed (spline-interpolated UVONIR bolometric); orig Lp approximately 1.7e44 erg/s (M=-21.8 mag); no printed 1-sigma; sigma_kind=digits; digits=2 significant figures; this is a DIFFERENT bolometric definition and band from the 4e44 row - the two are not the same quantity restated; record_stream=2; collate=only-2; candidate_for=AT2018cow|peak_bolometric_luminosity; gate=not-connected (this file is a RECORD ONLY - no body in it is wired to the calibration gate and the LFBOT toy preset and its obsCard were not touched); sigma_primary=unverified; verified_by=,,TRN-b94c6f42,
AT2018cow,rise_time_to_peak,2.5,d,Perley et al. 2019 MNRAS 484 1031 Table 3 t_rise row,https://doi.org/10.1093/mnras/sty3420,2026-09-16,intake_row=2026-09-16. Observation record provided by the original hypothesis author (2026-09-16 intake B). kind=observed (g-band light-curve timing); orig approximately 2.5 d with no printed uncertainty; sigma_kind=digits; digits=2 significant figures; record_stream=1; collate=conflict-one-empty; gate=not-connected (this file is a RECORD ONLY - no body in it is wired to the calibration gate and the LFBOT toy preset and its obsCard were not touched); sigma_primary=unverified; verified_by=,,TRN-b42dc7e2,
AT2018cow,rise_time_to_peak_candidate,,d,Prentice et al. 2018 ApJL 865 L3,https://doi.org/10.3847/2041-8213/aadd90,2026-09-16,intake_row=2026-09-16. Observation record provided by the original hypothesis author (2026-09-16 intake B). kind=observed; VALUE LEFT EMPTY because the printed quantity is an upper limit; upper_limit=1.7 d (rest-frame rise from Lp/2 to Lp); upper_limit_alt=3.3 d (to rise more than 5 mag from the non-detections); level=not a Gaussian 1-sigma; sigma_kind=none; record_stream=2; collate=only-2; candidate_for=AT2018cow|rise_time_to_peak; gate=not-connected (this file is a RECORD ONLY - no body in it is wired to the calibration gate and the LFBOT toy preset and its obsCard were not touched); sigma_primary=unverified; verified_by=,,TRN-04a159f9,
AT2018cow,blackbody_temperature(t=3.44 d),31390,K,"Perley et al. 2019 MNRAS 484 1031 corrected Table 4, MJD 58288.44 T column",https://doi.org/10.1093/mnras/sty3420,2026-09-16,intake_row=2026-09-16. Observation record provided by the original hypothesis author (2026-09-16 intake B). kind=model-derived (combined synchrotron+blackbody UV-optical-NIR SED); epoch=MJD 58288.44 = 3.44 observer-frame d after MJD 58285; orig 31.39 +3.10 -2.04 kK; conversion=1 kK=1000 K; z=0.0140; distance=60 Mpc; sigma_kind=none; the published asymmetric statistical errors carry NO stated confidence level so they are not transcribed as a 1-sigma; record_stream=1; collate=only-1; gate=not-connected (this file is a RECORD ONLY - no body in it is wired to the calibration gate and the LFBOT toy preset and its obsCard were not touched); sigma_primary=unverified; verified_by=,,TRN-c2bf585f,
AT2018cow,photospheric_radius(t=3.44 d),52.77,AU,"Perley et al. 2019 MNRAS 484 1031 corrected Table 4, MJD 58288.44 R column",https://doi.org/10.1093/mnras/sty3420,2026-09-16,intake_row=2026-09-16. Observation record provided by the original hypothesis author (2026-09-16 intake B). kind=model-derived (spherical equivalent blackbody radius); epoch=MJD 58288.44 = 3.44 observer-frame d after MJD 58285; orig 52.77 +4.70 -3.98 AU; z=0.0140; distance=60 Mpc; sigma_kind=none; the published asymmetric statistical errors carry NO stated confidence level; record_stream=1; collate=only-1; gate=not-connected (this file is a RECORD ONLY - no body in it is wired to the calibration gate and the LFBOT toy preset and its obsCard were not touched); sigma_primary=unverified; verified_by=,,TRN-e5e810f2,
AT2018cow,blackbody_temperature(t=5.69 d),25420,K,"Perley et al. 2019 MNRAS 484 1031 corrected Table 4, MJD 58290.69 T column",https://doi.org/10.1093/mnras/sty3420,2026-09-16,intake_row=2026-09-16. Observation record provided by the original hypothesis author (2026-09-16 intake B). kind=model-derived (combined synchrotron+blackbody UV-optical-NIR SED); epoch=MJD 58290.69 = 5.69 observer-frame d after MJD 58285; orig 25.42 +3.19 -0.60 kK; conversion=1 kK=1000 K; z=0.0140; distance=60 Mpc; sigma_kind=none; the published asymmetric statistical errors carry NO stated confidence level so they are not transcribed as a 1-sigma; record_stream=1; collate=only-1; gate=not-connected (this file is a RECORD ONLY - no body in it is wired to the calibration gate and the LFBOT toy preset and its obsCard were not touched); sigma_primary=unverified; verified_by=,,TRN-00d18e4b,
AT2018cow,photospheric_radius(t=5.69 d),44.29,AU,"Perley et al. 2019 MNRAS 484 1031 corrected Table 4, MJD 58290.69 R column",https://doi.org/10.1093/mnras/sty3420,2026-09-16,intake_row=2026-09-16. Observation record provided by the original hypothesis author (2026-09-16 intake B). kind=model-derived (spherical equivalent blackbody radius); epoch=MJD 58290.69 = 5.69 observer-frame d after MJD 58285; orig 44.29 +1.89 -4.35 AU; z=0.0140; distance=60 Mpc; sigma_kind=none; the published asymmetric statistical errors carry NO stated confidence level; record_stream=1; collate=only-1; gate=not-connected (this file is a RECORD ONLY - no body in it is wired to the calibration gate and the LFBOT toy preset and its obsCard were not touched); sigma_primary=unverified; verified_by=,,TRN-2a33c381,
AT2018cow,blackbody_temperature(t=13.39 d),20910,K,"Perley et al. 2019 MNRAS 484 1031 corrected Table 4, MJD 58298.39 T column",https://doi.org/10.1093/mnras/sty3420,2026-09-16,intake_row=2026-09-16. Observation record provided by the original hypothesis author (2026-09-16 intake B). kind=model-derived (combined synchrotron+blackbody UV-optical-NIR SED); epoch=MJD 58298.39 = 13.39 observer-frame d after MJD 58285; orig 20.91 +0.78 -1.17 kK; conversion=1 kK=1000 K; z=0.0140; distance=60 Mpc; sigma_kind=none; the published asymmetric statistical errors carry NO stated confidence level so they are not transcribed as a 1-sigma; record_stream=1; collate=only-1; gate=not-connected (this file is a RECORD ONLY - no body in it is wired to the calibration gate and the LFBOT toy preset and its obsCard were not touched); sigma_primary=unverified; verified_by=,,TRN-29b1f00e,
AT2018cow,photospheric_radius(t=13.39 d),24.51,AU,"Perley et al. 2019 MNRAS 484 1031 corrected Table 4, MJD 58298.39 R column",https://doi.org/10.1093/mnras/sty3420,2026-09-16,intake_row=2026-09-16. Observation record provided by the original hypothesis author (2026-09-16 intake B). kind=model-derived (spherical equivalent blackbody radius); epoch=MJD 58298.39 = 13.39 observer-frame d after MJD 58285; orig 24.51 +2.08 -0.78 AU; z=0.0140; distance=60 Mpc; sigma_kind=none; the published asymmetric statistical errors carry NO stated confidence level; record_stream=1; collate=only-1; gate=not-connected (this file is a RECORD ONLY - no body in it is wired to the calibration gate and the LFBOT toy preset and its obsCard were not touched); sigma_primary=unverified; verified_by=,,TRN-8ace8734,
AT2018cow,blackbody_temperature(t=4.1 d),27000,K,Prentice et al. 2018 ApJL 865 L3 (T at t=4.1 rest-frame days since explosion),https://doi.org/10.3847/2041-8213/aadd90,2026-09-16,intake_row=2026-09-16. Observation record provided by the original hypothesis author (2026-09-16 intake B). kind=model-derived (blackbody UV-optical SED); orig 27000 +/- 2000 K; the 1-sigma IS printed so it goes in the sigma column; this epoch is not one of the corrected Table 4 epochs above; record_stream=2; collate=only-2; gate=not-connected (this file is a RECORD ONLY - no body in it is wired to the calibration gate and the LFBOT toy preset and its obsCard were not touched); sigma_primary=unverified; verified_by=; confirmation_2=not-found-by-author 2026-09-16 (the Prentice et al. 2018 blackbody temperature record: the original hypothesis author could not find the printed record for this row in the second confirmation record; the mark on this row is NOT changed),2000,TRN-2701bd2c,
AT2018cow,blackbody_temperature(t=~0 d peak),30000,K,Margutti et al. 2019 ApJ 872 18 (initial T_bb),https://doi.org/10.3847/1538-4357/aafb74,2026-09-16,intake_row=2026-09-16. Observation record provided by the original hypothesis author (2026-09-16 intake B). kind=model-derived (blackbody to UVOT+UVOIR); orig T_bb approximately 30000 K initially; no printed 1-sigma; sigma_kind=digits; digits=1 significant figure; record_stream=2; collate=only-2; gate=not-connected (this file is a RECORD ONLY - no body in it is wired to the calibration gate and the LFBOT toy preset and its obsCard were not touched); sigma_primary=unverified; verified_by=,,TRN-c76f7854,
AT2018cow,blackbody_temperature(t=20 d),15000,K,Margutti et al. 2019 ApJ 872 18 (T_bb after about 20 days),https://doi.org/10.3847/1538-4357/aafb74,2026-09-16,intake_row=2026-09-16. Observation record provided by the original hypothesis author (2026-09-16 intake B). kind=model-derived (blackbody); orig approximately 15000 K after 20 days then a plateau; no printed 1-sigma; sigma_kind=digits; digits=2 significant figures; record_stream=2; collate=only-2; gate=not-connected (this file is a RECORD ONLY - no body in it is wired to the calibration gate and the LFBOT toy preset and its obsCard were not touched); sigma_primary=unverified; verified_by=,,TRN-32e13c0d,
AT2018cow,photospheric_radius(t=early),8e14,cm,Margutti et al. 2019 ApJ 872 18 (initial R_bb),https://doi.org/10.3847/1538-4357/aafb74,2026-09-16,intake_row=2026-09-16. Observation record provided by the original hypothesis author (2026-09-16 intake B). kind=model-derived (blackbody radius); orig R_bb approximately 8e14 cm initially then monotonically decreasing; no printed 1-sigma; sigma_kind=digits; digits=1 significant figure; record_stream=2; collate=only-2; gate=not-connected (this file is a RECORD ONLY - no body in it is wired to the calibration gate and the LFBOT toy preset and its obsCard were not touched); sigma_primary=unverified; verified_by=,,TRN-de5e1136,
AT2018cow,photospheric_radius(t=30 d),,cm,Perley et al. 2019 MNRAS 484 1031,https://doi.org/10.1093/mnras/sty3420,2026-09-16,intake_row=2026-09-16. Observation record provided by the original hypothesis author (2026-09-16 intake B). kind=model-derived; VALUE LEFT EMPTY because the printed quantity is an upper limit; upper_limit=1e14 cm at t about 30 d; sigma_kind=none; record_stream=2; collate=only-2; gate=not-connected (this file is a RECORD ONLY - no body in it is wired to the calibration gate and the LFBOT toy preset and its obsCard were not touched); sigma_primary=unverified; verified_by=,,TRN-dd1313c9,
AT2018cow,ejecta_velocity,6000,km/s,Perley et al. 2019 MNRAS 484 1031 Table 3 v_spec row,https://doi.org/10.1093/mnras/sty3420,2026-09-16,intake_row=2026-09-16. Observation record provided by the original hypothesis author (2026-09-16 intake B). kind=observed (line-of-sight velocity width of LATE-time emission features - NOT a photospheric expansion solution); definition=late-time spectral line width; orig approximately 6000 km/s; no printed 1-sigma; sigma_kind=digits; digits=1 significant figure; the 0.1c row below is a DIFFERENT DEFINITION (early broad absorption) and the two must not be compared as one quantity; record_stream=1; collate=only-1; gate=not-connected (this file is a RECORD ONLY - no body in it is wired to the calibration gate and the LFBOT toy preset and its obsCard were not touched); sigma_primary=unverified; verified_by=,,TRN-8e51f025,
AT2018cow,ejecta_velocity_candidate,0.1,c,AT2018cow optical spectra - broad absorption appearing about 4-15 d (early-time blueshift),https://doi.org/10.3847/1538-4357/ace965,2026-09-16,intake_row=2026-09-16. Observation record provided by the original hypothesis author (2026-09-16 intake B). kind=observed (spectroscopic line width / blueshift of the broad early absorption); definition=early broad absorption - DIFFERENT DEFINITION from the late-time line-width row; orig approximately 0.1c; not a tabulated 1-sigma centroid; sigma_kind=digits; digits=1 significant figure; record_stream=2; collate=only-2; candidate_for=AT2018cow|ejecta_velocity; gate=not-connected (this file is a RECORD ONLY - no body in it is wired to the calibration gate and the LFBOT toy preset and its obsCard were not touched); sigma_primary=unverified; verified_by=,,TRN-1ec5d732,
AT2018cow,qpo_frequency,224.4,Hz,"Pasham et al. 2022 Nature Astronomy 6 249 (NICER soft X-ray QPO) methods, Lorentzian centroid",https://doi.org/10.1038/s41550-021-01524-8,2026-09-16,intake_row=2026-09-16. Observation record provided by the original hypothesis author (2026-09-16 intake B). kind=observed (average power-density spectrum over the roughly 60 d NICER outburst; 0.25-2.5 keV); orig 224.4 +/- 1.0 Hz; the 1-sigma IS printed in the methods so it goes in the sigma column; significance=3.7 sigma (global false-alarm probability about 2e-4); fwhm_upper_limit=16 Hz; fractional rms greater than 30%; z=0.014; distance about 60 Mpc; record_stream=1+2; collate=partial; gate=not-connected (this file is a RECORD ONLY - no body in it is wired to the calibration gate and the LFBOT toy preset and its obsCard were not touched); sigma_primary=unverified; verified_by=; confirmation_2=not-found-by-author 2026-09-16 (the QPO frequency record: the original hypothesis author could not find the printed record for this row in the second confirmation record; the mark on this row is NOT changed),1.0,TRN-9c6d1fbf,
AT2018cow,qpo_frequency_candidate,224,Hz,Pasham et al. 2022 Nature Astronomy 6 249 (NICER soft X-ray QPO) abstract headline value,https://doi.org/10.1038/s41550-021-01524-8,2026-09-16,intake_row=2026-09-16. Observation record provided by the original hypothesis author (2026-09-16 intake B). kind=observed; orig 224 Hz at 3.7-sigma significance (FAP 0.02%); the abstract prints NO symmetric 1-sigma on this rounded headline value so the sigma column is empty; sigma_kind=digits; digits=1 Hz; record_stream=2; collate=only-2; candidate_for=AT2018cow|qpo_frequency; gate=not-connected (this file is a RECORD ONLY - no body in it is wired to the calibration gate and the LFBOT toy preset and its obsCard were not touched); sigma_primary=unverified; verified_by=,,TRN-8d42081e,
AT2018cow,redshift,0.0140,1,Perley et al. 2019 MNRAS 484 1031 Table 3 z row,https://doi.org/10.1093/mnras/sty3420,2026-09-16,intake_row=2026-09-16. Observation record provided by the original hypothesis author (2026-09-16 intake B). kind=observed (host-galaxy emission-line redshift); orig 0.0140 with no printed uncertainty; sigma_kind=digits; digits=1e-4; the other stream quotes z about 0.014 and 0.0141 in passing without a table reference; record_stream=1; collate=only-1; gate=not-connected (this file is a RECORD ONLY - no body in it is wired to the calibration gate and the LFBOT toy preset and its obsCard were not touched); sigma_primary=unverified; verified_by=,,TRN-c318b034,
AT2018cow,distance,60,Mpc,Perley et al. 2019 MNRAS 484 1031 adopted-distance statement,https://doi.org/10.1093/mnras/sty3420,2026-09-16,intake_row=2026-09-16. Observation record provided by the original hypothesis author (2026-09-16 intake B). kind=model-derived (adopted cosmological luminosity distance to CGCG 137-068); orig 60 Mpc with no printed uncertainty; sigma_kind=digits; digits=1 significant figure; record_stream=1; collate=only-1; gate=not-connected (this file is a RECORD ONLY - no body in it is wired to the calibration gate and the LFBOT toy preset and its obsCard were not touched); sigma_primary=unverified; verified_by=,,TRN-90b6d48b,
AT2022tsd,optical_flare_duration_T90,,min,"Ho et al. 2023 Nature 623 927 Extended Data Table 2 and Methods Sec. 4, T90 column",https://doi.org/10.1038/s41586-023-06673-6,2026-09-16,intake_row=2026-09-16. Observation record provided by the original hypothesis author (2026-09-16 intake B). kind=observed; VALUE LEFT EMPTY because the printed quantity is a RANGE over many flares and not a measurement of one flare; range_lo=10; range_hi=80; range_unit=min; epoch=26 to more than 100 observer-frame d after discovery; band=multi-instrument optical including g-band; z=0.2564 +/- 0.0003; distance=1.34 Gpc; sigma_kind=none; the range is NOT a 1-sigma uncertainty; the other stream reports the same thing as tens of minutes with no single printed 1-sigma; record_stream=1+2; collate=agree; gate=not-connected (this file is a RECORD ONLY - no body in it is wired to the calibration gate and the LFBOT toy preset and its obsCard were not touched); sigma_primary=unverified; verified_by=,,TRN-1c4edccc,
AT2022tsd,flare_count,,count,Ho et al. 2023 Nature 623 927 main text and Extended Data Figure 4 / Table 2,https://doi.org/10.1038/s41586-023-06673-6,2026-09-16,intake_row=2026-09-16. Observation record provided by the original hypothesis author (2026-09-16 intake B). kind=observed; VALUE LEFT EMPTY because the printed quantity is a lower limit; lower_limit=14 optical flares detected in 60 hr on 20 nights beginning 26 observer-frame d after discovery; the authors note this is likely only a fraction of the total; sigma_kind=none; one stream put 14 in the value column and the other left it empty - this record keeps the value EMPTY because a lower limit is not a measured value; record_stream=1+2; collate=agree; gate=not-connected (this file is a RECORD ONLY - no body in it is wired to the calibration gate and the LFBOT toy preset and its obsCard were not touched); sigma_primary=unverified; verified_by=,,TRN-3d738cef,
AT2022tsd,rise_time_to_peak,,d,Ho et al. 2023 Nature 623 927,https://doi.org/10.1038/s41586-023-06673-6,2026-09-16,"intake_row=2026-09-16. Observation record provided by the original hypothesis author (2026-09-16 intake B). kind=observed; VALUE LEFT EMPTY because the printed quantity is an upper limit; upper_limit=4 d (t_half,rise); sigma_kind=none; record_stream=1; collate=only-1; gate=not-connected (this file is a RECORD ONLY - no body in it is wired to the calibration gate and the LFBOT toy preset and its obsCard were not touched); sigma_primary=unverified; verified_by=",,TRN-33d7edf9,
AT2022tsd,redshift,0.2564,1,"Ho et al. 2023 Nature 623 927 Methods Sec. 1, host-line redshift",https://doi.org/10.1038/s41586-023-06673-6,2026-09-16,intake_row=2026-09-16. Observation record provided by the original hypothesis author (2026-09-16 intake B). kind=observed (host-galaxy narrow emission lines; 2022 Keck/LRIS spectra); orig 0.2564 +/- 0.0003; the 1-sigma IS printed so it goes in the sigma column; record_stream=1; collate=only-1; gate=not-connected (this file is a RECORD ONLY - no body in it is wired to the calibration gate and the LFBOT toy preset and its obsCard were not touched); sigma_primary=unverified; verified_by=; confirmation_2=not-found-by-author 2026-09-16 (the AT2022tsd redshift record: the original hypothesis author could not find the printed record for this row in the second confirmation record; the mark on this row is NOT changed),0.0003,TRN-bd4f899e,
AT2022tsd,distance,1.34,Gpc,Ho et al. 2023 Nature 623 927 main-text luminosity-distance statement,https://doi.org/10.1038/s41586-023-06673-6,2026-09-16,intake_row=2026-09-16. Observation record provided by the original hypothesis author (2026-09-16 intake B). kind=model-derived (Planck cosmology at z=0.2564); orig 1.34 Gpc with no printed distance uncertainty; sigma_kind=digits; digits=3 significant figures; record_stream=1; collate=only-1; gate=not-connected (this file is a RECORD ONLY - no body in it is wired to the calibration gate and the LFBOT toy preset and its obsCard were not touched); sigma_primary=unverified; verified_by=,,TRN-1ae88253,
AT2022tsd,qpo_frequency,,Hz,Ho et al. 2023 Nature 623 927,https://doi.org/10.1038/s41586-023-06673-6,2026-09-16,intake_row=2026-09-16. Observation record provided by the original hypothesis author (2026-09-16 intake B). kind=not published; NO X-ray QPO centroid is printed for this transient in the recovered abstract or tables - the X-ray variability is discussed without one; sigma_kind=none; record_stream=2; collate=only-2; gate=not-connected (this file is a RECORD ONLY - no body in it is wired to the calibration gate and the LFBOT toy preset and its obsCard were not touched); sigma_primary=unverified; verified_by=,,TRN-a6e43356,
VASCO,red_point_source_candidates_single_epoch,100,count,Villarroel et al. 2020 AJ 159 8 (online 2019) abstract,https://doi.org/10.3847/1538-3881/ab570f,2026-09-28,intake_row=2026-09-28 (wave 286c). kind=observed-count (visual vetting of about 150000 USNO-B1.0 objects with no Pan-STARRS DR1 counterpart within 30 arcsec); orig about 100 point sources visible in only one epoch (POSS-I red plates of the 1950s); sigma_kind=digits; digits=1 significant figure; this is a CANDIDATE list and NOT a list of stars confirmed to have vanished; record_stream=1; collate=only-1; dr_evidence=analogy-context-only (wave 286c dark-rotor evidence table docs/dark-rotor-evidence.md - NOT evidence that a dark rotor was found); gate=not-connected (this file is a RECORD ONLY - no body in it is wired to the calibration gate and the LFBOT toy preset and its obsCard were not touched); sigma_primary=unverified; verified_by=,,TRN-c4a2f815,
M31-2014-DS1,progenitor_mass,13,Msun,De et al. 2026 Science 391 689,https://doi.org/10.1126/science.adt4853,2026-09-28,intake_row=2026-09-28 (wave 286c). kind=model-derived (yellow-supergiant progenitor); orig approximately 13 Msun with no symmetric 1-sigma transcribed here; sigma_kind=digits; digits=2 significant figures; the observed facts are a mid-IR brightening from about 2014 followed by a strong optical fading; the interpretation is split - failed supernova and black-hole formation (De et al.) vs a luminous mid-IR source that persists a decade later behind non-spherical dust with no X-ray detection (Beasor et al. 2026 MNRAS 546 stag052 arXiv:2601.05317); optical / infrared / bolometric luminosities are different quantities and are not merged; record_stream=1; collate=only-1; dr_evidence=analogy-context-only (wave 286c dark-rotor evidence table docs/dark-rotor-evidence.md - NOT evidence that a dark rotor was found); gate=not-connected (this file is a RECORD ONLY - no body in it is wired to the calibration gate and the LFBOT toy preset and its obsCard were not touched); sigma_primary=unverified; verified_by=,,TRN-2bc05383,
M31-2014-DS1,progenitor_luminosity,1e5,Lsun,De et al. 2026 Science 391 689,https://doi.org/10.1126/science.adt4853,2026-09-28,intake_row=2026-09-28 (wave 286c). kind=model-derived (pre-outburst SED); orig approximately 1e5 Lsun; sigma_kind=digits; digits=1 significant figure; this is the PROGENITOR luminosity and not the late-time optical or bolometric luminosity; record_stream=1; collate=only-1; dr_evidence=analogy-context-only (wave 286c dark-rotor evidence table docs/dark-rotor-evidence.md - NOT evidence that a dark rotor was found); gate=not-connected (this file is a RECORD ONLY - no body in it is wired to the calibration gate and the LFBOT toy preset and its obsCard were not touched); sigma_primary=unverified; verified_by=,,TRN-e91055ed,
MOA-9y-5919,einstein_crossing_time,0.057,d,Koshimoto et al. 2023 AJ 166 107 abstract,https://doi.org/10.3847/1538-3881/ace689,2026-09-28,intake_row=2026-09-28 (wave 286c). kind=observed (single-lens fit with finite-source effect; MOA-II 2006-2014 bulge survey); orig 0.057 +/- 0.016 d; the 1-sigma IS printed so it goes in the sigma column; record_stream=1; collate=only-1; dr_evidence=analogy-context-only (wave 286c dark-rotor evidence table docs/dark-rotor-evidence.md - NOT evidence that a dark rotor was found); gate=not-connected (this file is a RECORD ONLY - no body in it is wired to the calibration gate and the LFBOT toy preset and its obsCard were not touched); sigma_primary=unverified; verified_by=,0.016,TRN-d488b403,
MOA-9y-5919,angular_einstein_radius,0.90,uas,Koshimoto et al. 2023 AJ 166 107 abstract,https://doi.org/10.3847/1538-3881/ace689,2026-09-28,intake_row=2026-09-28 (wave 286c). kind=observed (finite-source effect); orig 0.90 +/- 0.14 micro-arcsec; the 1-sigma IS printed so it goes in the sigma column; theta_E is an ANGLE and not the radius of the lens; record_stream=1; collate=only-1; dr_evidence=analogy-context-only (wave 286c dark-rotor evidence table docs/dark-rotor-evidence.md - NOT evidence that a dark rotor was found); gate=not-connected (this file is a RECORD ONLY - no body in it is wired to the calibration gate and the LFBOT toy preset and its obsCard were not touched); sigma_primary=unverified; verified_by=,0.14,TRN-e38d64e7,
MOA-9y-5919,lens_mass_bayesian,0.75,Mearth,Koshimoto et al. 2023 AJ 166 107 abstract,https://doi.org/10.3847/1538-3881/ace689,2026-09-28,intake_row=2026-09-28 (wave 286c). kind=model-derived (Bayesian analysis with a Galactic model prior); orig 0.75 +1.23 -0.46 Earth masses; asymmetric interval so the sigma column is left empty; interval_upper=1.23; interval_lower=0.46; an Earth-mass free-floating planet candidate - NOT a stellar-mass dark object; record_stream=1; collate=only-1; dr_evidence=analogy-context-only (wave 286c dark-rotor evidence table docs/dark-rotor-evidence.md - NOT evidence that a dark rotor was found); gate=not-connected (this file is a RECORD ONLY - no body in it is wired to the calibration gate and the LFBOT toy preset and its obsCard were not touched); sigma_primary=unverified; verified_by=,,TRN-8769929c,
MOA-II-FFP,ffp_per_star(0.33-6660 Mearth),21,count,Sumi et al. 2023 AJ 166 108 abstract,https://doi.org/10.3847/1538-3881/ace688,2026-09-28,intake_row=2026-09-28 (wave 286c). kind=model-derived (free-floating-planet mass function from the MOA-II 9-year survey); orig about 21 free-floating or very-wide-orbit planets per star in the mass range 0.33-6660 Earth masses; the printed asymmetric uncertainty is not transcribed here; sigma_kind=digits; digits=2 significant figures; this is a COUNT of planetary-mass objects over that mass range and NOT 20 stellar-mass dark objects per star; record_stream=1; collate=only-1; dr_evidence=analogy-context-only (wave 286c dark-rotor evidence table docs/dark-rotor-evidence.md - NOT evidence that a dark rotor was found); gate=not-connected (this file is a RECORD ONLY - no body in it is wired to the calibration gate and the LFBOT toy preset and its obsCard were not touched); sigma_primary=unverified; verified_by=,,TRN-6907fd0a,
AT2023fhn,projected_offset_from_nearest_galaxies,,half_light_radii,Chrimes et al. 2023 MNRAS Letters 527 L47 (2024) abstract,https://doi.org/10.1093/mnrasl/slad145,2026-09-28,intake_row=2026-09-28 (wave 286c). kind=observed (HST imaging); VALUE LEFT EMPTY because the printed quantity is a lower limit; lower_limit=3.5 (offset larger than 3.5 half-light radii from the two closest galaxies); level=not a Gaussian 1-sigma; sigma_kind=none; a large PROJECTED offset is not proof of empty space; record_stream=1; collate=only-1; dr_evidence=analogy-context-only (wave 286c dark-rotor evidence table docs/dark-rotor-evidence.md - NOT evidence that a dark rotor was found); gate=not-connected (this file is a RECORD ONLY - no body in it is wired to the calibration gate and the LFBOT toy preset and its obsCard were not touched); sigma_primary=unverified; verified_by=,,TRN-5cfc2a57,
AT2023fhn,redshift_of_nearest_galaxies,0.24,1,Chrimes et al. 2023 MNRAS Letters 527 L47 (2024) abstract,https://doi.org/10.1093/mnrasl/slad145,2026-09-28,intake_row=2026-09-28 (wave 286c). kind=observed (spectroscopic redshift of the two closest galaxies); orig z = 0.24; sigma_kind=digits; digits=2 significant figures; the early featureless blue spectrum can also arise from hot thermal emission; record_stream=1; collate=only-1; dr_evidence=analogy-context-only (wave 286c dark-rotor evidence table docs/dark-rotor-evidence.md - NOT evidence that a dark rotor was found); gate=not-connected (this file is a RECORD ONLY - no body in it is wired to the calibration gate and the LFBOT toy preset and its obsCard were not touched); sigma_primary=unverified; verified_by=,,TRN-824359e7,
GW150914 signal,signal_duration_in_band_candidate,0.2,s,Abbott B.P. et al. 2016 PRL 116 061102,https://doi.org/10.1103/PhysRevLett.116.061102,2026-10-02,intake_row=2026-10-02; intake_round=confirmation-request-8 (response to confirmation request 8 transcribed as a candidate row by wave 290g); item=R8-GW150914-window; kind=observed; printed=over 0.2 s the signal increases in frequency from 35 to 150 Hz; band=35 to 150 Hz; printed_4s=none (no primary source prints a duration of about 4 s - the 4 s of the sample is a window declaration and NOT an observation); also_answers=request 7 item A3 (duration 0.2 s); body GW150914 signal = the detected strain signal and its analysis windows (the source parameters are rows of solar-observations.csv under GW150914); sigma_kind=none; gate=not-connected (a candidate key - the calibration gate reads orbital_period / eccentricity / periastron_advance only and no declaration in paper/data/judgement-sources.json points at this row); sigma_primary=unverified; verified_by=,,TRN-3883a033,
GW150914 signal,data_segment_length_candidate,32,s,GWOSC GW150914 event data release (32 s strain segment),https://gwosc.org/eventapi/html/event/GW150914/,2026-10-02,intake_row=2026-10-02; intake_round=confirmation-request-8 (response to confirmation request 8 transcribed as a candidate row by wave 290g); item=R8-GW150914-window; kind=analysis-window; length of a released strain segment - an analysis window and NOT an observed quantity; sigma_kind=none; gate=not-connected (a candidate key - the calibration gate reads orbital_period / eccentricity / periastron_advance only and no declaration in paper/data/judgement-sources.json points at this row); sigma_primary=unverified; verified_by=,,TRN-9d7b5eaa,
GW150914 signal,data_segment_length_candidate,4096,s,GWOSC GW150914 event data release (4096 s strain segment),https://gwosc.org/eventapi/html/event/GW150914/,2026-10-02,intake_row=2026-10-02; intake_round=confirmation-request-8 (response to confirmation request 8 transcribed as a candidate row by wave 290g); item=R8-GW150914-window; kind=analysis-window; length of a released strain segment - an analysis window and NOT an observed quantity; sigma_kind=none; gate=not-connected (a candidate key - the calibration gate reads orbital_period / eccentricity / periastron_advance only and no declaration in paper/data/judgement-sources.json points at this row); sigma_primary=unverified; verified_by=,,TRN-172cfa04,
GW150914 signal,pe_segment_length_candidate,8,s,Abbott B.P. et al. 2019 PRX 9 031040 (GWTC-1) Appendix B,https://doi.org/10.1103/PhysRevX.9.031040,2026-10-02,intake_row=2026-10-02; intake_round=confirmation-request-8 (response to confirmation request 8 transcribed as a candidate row by wave 290g); item=R8-GW150914-window; kind=analysis-window; parameter-estimation data segment of the catalogue analysis - an analysis window and NOT an observed quantity; sigma_kind=none; gate=not-connected (a candidate key - the calibration gate reads orbital_period / eccentricity / periastron_advance only and no declaration in paper/data/judgement-sources.json points at this row); sigma_primary=unverified; verified_by=,,TRN-20b184ae,
GW150914 signal,reference_frequency_candidate,20,Hz,Abbott B.P. et al. 2019 PRX 9 031040 (GWTC-1) Appendix B,https://doi.org/10.1103/PhysRevX.9.031040,2026-10-02,intake_row=2026-10-02; intake_round=confirmation-request-8 (response to confirmation request 8 transcribed as a candidate row by wave 290g); item=R8-GW150914-window; kind=analysis-window; f_ref of the catalogue analysis (the frequency at which spins are quoted) - an analysis setting and NOT an observed quantity; also_answers=request 7 item A2 (f_ref=20 Hz); sigma_kind=none; gate=not-connected (a candidate key - the calibration gate reads orbital_period / eccentricity / periastron_advance only and no declaration in paper/data/judgement-sources.json points at this row); sigma_primary=unverified; verified_by=,,TRN-fe0b9574,
GW150914 signal,low_frequency_cutoff_candidate,20,Hz,Abbott B.P. et al. 2019 PRX 9 031040 (GWTC-1) Appendix B,https://doi.org/10.1103/PhysRevX.9.031040,2026-10-02,intake_row=2026-10-02; intake_round=confirmation-request-8 (response to confirmation request 8 transcribed as a candidate row by wave 290g); item=R8-GW150914-window; kind=analysis-window; f_low of the catalogue analysis - an analysis setting and NOT an observed quantity; sigma_kind=none; gate=not-connected (a candidate key - the calibration gate reads orbital_period / eccentricity / periastron_advance only and no declaration in paper/data/judgement-sources.json points at this row); sigma_primary=unverified; verified_by=,,TRN-45932519,
GW150914 signal,gw_frequency_band_start_candidate,35,Hz,Abbott B.P. et al. 2016 PRL 116 061102,https://doi.org/10.1103/PhysRevLett.116.061102,2026-10-02,intake_row=2026-10-02; intake_round=confirmation-request-7 (response to confirmation request 7 transcribed as a candidate row by wave 290g); item=A3-Abbott2016; kind=observed; first frequency of the sequence 35 -> 150 -> 250 Hz quoted in the response; start of the 0.2 s in-band sweep; sigma_kind=none; gate=not-connected (a candidate key - the calibration gate reads orbital_period / eccentricity / periastron_advance only and no declaration in paper/data/judgement-sources.json points at this row); sigma_primary=unverified; verified_by=,,TRN-01f1ffef,
GW150914 signal,gw_frequency_at_peak_amplitude_candidate,150,Hz,Abbott B.P. et al. 2016 PRL 116 061102,https://doi.org/10.1103/PhysRevLett.116.061102,2026-10-02,intake_row=2026-10-02; intake_round=confirmation-request-7 (response to confirmation request 7 transcribed as a candidate row by wave 290g); item=A3-Abbott2016; kind=observed; second frequency of the sequence 35 -> 150 -> 250 Hz quoted in the response; the frequency where the amplitude reaches its maximum; sigma_kind=none; gate=not-connected (a candidate key - the calibration gate reads orbital_period / eccentricity / periastron_advance only and no declaration in paper/data/judgement-sources.json points at this row); sigma_primary=unverified; verified_by=,,TRN-018c280e,
GW150914 signal,gw_frequency_after_peak_candidate,250,Hz,Abbott B.P. et al. 2016 PRL 116 061102,https://doi.org/10.1103/PhysRevLett.116.061102,2026-10-02,intake_row=2026-10-02; intake_round=confirmation-request-7 (response to confirmation request 7 transcribed as a candidate row by wave 290g); item=A3-Abbott2016; kind=observed; third frequency of the sequence 35 -> 150 -> 250 Hz quoted in the response; its definition in the paper is to be confirmed against the text; sigma_kind=none; gate=not-connected (a candidate key - the calibration gate reads orbital_period / eccentricity / periastron_advance only and no declaration in paper/data/judgement-sources.json points at this row); sigma_primary=unverified; verified_by=,,TRN-516cbed2,
Cyg X-1,orbital_inclination_candidate,27.06,deg,Orosz J.A. et al. 2011 ApJ 742 84,https://ui.adsabs.harvard.edu/abs/2011ApJ...742...84O,2026-10-02,intake_row=2026-10-02; intake_round=confirmation-request-7 (response to confirmation request 7 transcribed as a candidate row by wave 290g); item=B4-CygX1; kind=model-derived; printed=i = 27.06 +/- 0.76 deg; Orosz et al. 2011 ApJ 742 84 is the Cyg X-1 paper; sigma_candidate_unconfirmed=0.76; the 1-sigma level of the printed +/- is not confirmed from the response so the value is held in sigma_candidate_unconfirmed and the sigma column stays EMPTY; gate=not-connected (a candidate key - the calibration gate reads orbital_period / eccentricity / periastron_advance only and no declaration in paper/data/judgement-sources.json points at this row); sigma_primary=unverified; verified_by=,,TRN-a4a3aaa7,
Cyg X-1,black_hole_mass_candidate,14.81,Msun,Orosz J.A. et al. 2011 ApJ 742 84,https://ui.adsabs.harvard.edu/abs/2011ApJ...742...84O,2026-10-02,intake_row=2026-10-02; intake_round=confirmation-request-7 (response to confirmation request 7 transcribed as a candidate row by wave 290g); item=B4-CygX1; kind=model-derived; printed=M = 14.81 +/- 0.98 Msun; dynamical mass from a model of the binary; the 2021 mass (21.2 Msun) is a separate candidate row and the two are NOT merged; sigma_candidate_unconfirmed=0.98; the 1-sigma level of the printed +/- is not confirmed from the response so the value is held in sigma_candidate_unconfirmed and the sigma column stays EMPTY; gate=not-connected (a candidate key - the calibration gate reads orbital_period / eccentricity / periastron_advance only and no declaration in paper/data/judgement-sources.json points at this row); sigma_primary=unverified; verified_by=,,TRN-ed9fac72,
Cyg X-1,eccentricity_candidate,0.018,1,Orosz J.A. et al. 2011 ApJ 742 84,https://ui.adsabs.harvard.edu/abs/2011ApJ...742...84O,2026-10-02,intake_row=2026-10-02; intake_round=confirmation-request-7 (response to confirmation request 7 transcribed as a candidate row by wave 290g); item=B4-CygX1; kind=observed; printed=e = 0.018 +/- 0.003 (radial-velocity orbit); sigma_candidate_unconfirmed=0.003; the 1-sigma level of the printed +/- is not confirmed from the response so the value is held in sigma_candidate_unconfirmed and the sigma column stays EMPTY; gate=not-connected (a candidate key - the calibration gate reads orbital_period / eccentricity / periastron_advance only and no declaration in paper/data/judgement-sources.json points at this row); sigma_primary=unverified; verified_by=,,TRN-400a02f2,
Cyg X-1,black_hole_mass_candidate,21.2,Msun,Miller-Jones J.C.A. et al. 2021 Science 371 1046,https://ui.adsabs.harvard.edu/abs/2021Sci...371.1046M,2026-10-02,intake_row=2026-10-02; intake_round=confirmation-request-7 (response to confirmation request 7 transcribed as a candidate row by wave 290g); item=B4-CygX1; kind=model-derived; printed=M = 21.2 +/- 2.2 Msun; dynamical mass from a model of the binary with the 2021 distance; the 2011 mass (14.81 Msun) is a separate candidate row and the two are NOT merged; sigma_candidate_unconfirmed=2.2; the 1-sigma level of the printed +/- is not confirmed from the response so the value is held in sigma_candidate_unconfirmed and the sigma column stays EMPTY; gate=not-connected (a candidate key - the calibration gate reads orbital_period / eccentricity / periastron_advance only and no declaration in paper/data/judgement-sources.json points at this row); sigma_primary=unverified; verified_by=,,TRN-6d84fa4d,
Cyg X-1,distance_candidate,2.22,kpc,Miller-Jones J.C.A. et al. 2021 Science 371 1046,https://ui.adsabs.harvard.edu/abs/2021Sci...371.1046M,2026-10-02,intake_row=2026-10-02; intake_round=confirmation-request-7 (response to confirmation request 7 transcribed as a candidate row by wave 290g); item=B4-CygX1; kind=observed; printed=d = 2.22 (+0.18/-0.17) kpc; interval_plus=0.18; interval_minus=0.17; sigma_kind=asymmetric; asymmetric interval kept as printed (NOT symmetrised) so the sigma column stays EMPTY; gate=not-connected (a candidate key - the calibration gate reads orbital_period / eccentricity / periastron_advance only and no declaration in paper/data/judgement-sources.json points at this row); sigma_primary=unverified; verified_by=,,TRN-9edd5067,
GRS 1915+105,orbital_period_candidate,33.85,d,Steeghs D. et al. 2013 ApJ 768 185,https://ui.adsabs.harvard.edu/abs/2013ApJ...768..185S,2026-10-02,intake_row=2026-10-02; intake_round=confirmation-request-7 (response to confirmation request 7 transcribed as a candidate row by wave 290g); item=B4-GRS1915; kind=observed; printed=P = 33.85 +/- 0.16 d; sigma_candidate_unconfirmed=0.16; the 1-sigma level of the printed +/- is not confirmed from the response so the value is held in sigma_candidate_unconfirmed and the sigma column stays EMPTY; gate=not-connected (a candidate key - the calibration gate reads orbital_period / eccentricity / periastron_advance only and no declaration in paper/data/judgement-sources.json points at this row); sigma_primary=unverified; verified_by=,,TRN-606b0f78,
GRS 1915+105,black_hole_mass_candidate,10.1,Msun,Steeghs D. et al. 2013 ApJ 768 185,https://ui.adsabs.harvard.edu/abs/2013ApJ...768..185S,2026-10-02,intake_row=2026-10-02; intake_round=confirmation-request-7 (response to confirmation request 7 transcribed as a candidate row by wave 290g); item=B4-GRS1915; kind=model-derived; printed=M = 10.1 +/- 0.6 Msun; dynamical mass from a model of the binary; sigma_candidate_unconfirmed=0.6; the 1-sigma level of the printed +/- is not confirmed from the response so the value is held in sigma_candidate_unconfirmed and the sigma column stays EMPTY; gate=not-connected (a candidate key - the calibration gate reads orbital_period / eccentricity / periastron_advance only and no declaration in paper/data/judgement-sources.json points at this row); sigma_primary=unverified; verified_by=,,TRN-037495dc,
MOA-9y-5919,einstein_crossing_time_candidate,0.057,d,Koshimoto N. et al. 2023 AJ 166 107,https://doi.org/10.3847/1538-3881/ace689,2026-10-02,intake_row=2026-10-02; intake_round=confirmation-request-7 (response to confirmation request 7 transcribed as a candidate row by wave 290g); item=B7-MOA; kind=observed; printed=t_E = 0.057 +/- 0.016 d; sigma_candidate_unconfirmed=0.016; the 1-sigma level of the printed +/- is not confirmed from the response so the value is held in sigma_candidate_unconfirmed and the sigma column stays EMPTY; same_value_as=TRN-d488b403; gate=not-connected (a candidate key - the calibration gate reads orbital_period / eccentricity / periastron_advance only and no declaration in paper/data/judgement-sources.json points at this row); sigma_primary=unverified; verified_by=,,TRN-0de67c9c,
MOA-9y-5919,angular_einstein_radius_candidate,0.90,uas,Koshimoto N. et al. 2023 AJ 166 107,https://doi.org/10.3847/1538-3881/ace689,2026-10-02,intake_row=2026-10-02; intake_round=confirmation-request-7 (response to confirmation request 7 transcribed as a candidate row by wave 290g); item=B7-MOA; kind=observed; printed=theta_E = 0.90 +/- 0.14 micro-arcsec; theta_E is an ANGLE and not the radius of the lens; sigma_candidate_unconfirmed=0.14; the 1-sigma level of the printed +/- is not confirmed from the response so the value is held in sigma_candidate_unconfirmed and the sigma column stays EMPTY; same_value_as=TRN-e38d64e7; gate=not-connected (a candidate key - the calibration gate reads orbital_period / eccentricity / periastron_advance only and no declaration in paper/data/judgement-sources.json points at this row); sigma_primary=unverified; verified_by=,,TRN-109d42bd,
MOA-9y-5919,lens_mass_bayesian_candidate,0.75,Mearth,Koshimoto N. et al. 2023 AJ 166 107 - prior Mlo=0.33,https://doi.org/10.3847/1538-3881/ace689,2026-10-02,intake_row=2026-10-02; intake_round=confirmation-request-7 (response to confirmation request 7 transcribed as a candidate row by wave 290g); item=B7-MOA; kind=model-derived; printed=0.75 (+1.23/-0.46) Earth masses; prior=Mlo 0.33 (the lower mass bound of the prior); interval_plus=1.23; interval_minus=0.46; sigma_kind=asymmetric; asymmetric interval kept as printed (NOT symmetrised) so the sigma column stays EMPTY; the two priors give two candidate rows that are NOT merged; gate=not-connected (a candidate key - the calibration gate reads orbital_period / eccentricity / periastron_advance only and no declaration in paper/data/judgement-sources.json points at this row); sigma_primary=unverified; verified_by=,,TRN-cf26910c,
MOA-9y-5919,lens_mass_bayesian_candidate,0.37,Mearth,Koshimoto N. et al. 2023 AJ 166 107 - prior Mlo=0.0033,https://doi.org/10.3847/1538-3881/ace689,2026-10-02,intake_row=2026-10-02; intake_round=confirmation-request-7 (response to confirmation request 7 transcribed as a candidate row by wave 290g); item=B7-MOA; kind=model-derived; printed=0.37 (+1.11/-0.27) Earth masses; prior=Mlo 0.0033 (the lower mass bound of the prior); interval_plus=1.11; interval_minus=0.27; sigma_kind=asymmetric; asymmetric interval kept as printed (NOT symmetrised) so the sigma column stays EMPTY; the two priors give two candidate rows that are NOT merged; gate=not-connected (a candidate key - the calibration gate reads orbital_period / eccentricity / periastron_advance only and no declaration in paper/data/judgement-sources.json points at this row); sigma_primary=unverified; verified_by=,,TRN-0dc93048,
M31-2014-DS1,progenitor_log_luminosity_candidate,,log10(Lsun),De K. et al. 2026 Science 391 689 (published version),https://doi.org/10.1126/science.adt4853,2026-10-02,intake_row=2026-10-02; intake_round=confirmation-request-7 (response to confirmation request 7 transcribed as a candidate row by wave 290g); item=B8-M31DS1; kind=model-derived; value EMPTY because the response quotes a range; range_low=4.97; range_high=5 (log L/Lsun of the progenitor) - NOT averaged; sigma_kind=none; gate=not-connected (a candidate key - the calibration gate reads orbital_period / eccentricity / periastron_advance only and no declaration in paper/data/judgement-sources.json points at this row); sigma_primary=unverified; verified_by=,,TRN-5ffbaabe,
M31-2014-DS1,progenitor_initial_mass_candidate,13,Msun,De K. et al. 2026 Science 391 689 (published version),https://doi.org/10.1126/science.adt4853,2026-10-02,intake_row=2026-10-02; intake_round=confirmation-request-7 (response to confirmation request 7 transcribed as a candidate row by wave 290g); item=B8-M31DS1; kind=model-derived; printed=initial mass about 13 Msun (published version 2026); the 2024 v1 value (20 Msun) is a separate candidate row and the two are NOT merged; sigma_kind=none; gate=not-connected (a candidate key - the calibration gate reads orbital_period / eccentricity / periastron_advance only and no declaration in paper/data/judgement-sources.json points at this row); sigma_primary=unverified; verified_by=,,TRN-5c181fa2,
M31-2014-DS1,progenitor_initial_mass_candidate,20,Msun,De K. et al. 2024 arXiv:2410.14778v1 (preprint version 1),https://arxiv.org/abs/2410.14778v1,2026-10-02,intake_row=2026-10-02; intake_round=confirmation-request-7 (response to confirmation request 7 transcribed as a candidate row by wave 290g); item=B8-M31DS1; kind=model-derived; printed=initial mass about 20 Msun (preprint version 1 of 2024); superseded in the published version by 13 Msun - kept as a separate candidate row (NOT merged); sigma_kind=none; gate=not-connected (a candidate key - the calibration gate reads orbital_period / eccentricity / periastron_advance only and no declaration in paper/data/judgement-sources.json points at this row); sigma_primary=unverified; verified_by=,,TRN-c8815cab,
VASCO,preliminary_candidates_candidate,150000,count,Villarroel B. et al. 2020 AJ 159 8,https://doi.org/10.3847/1538-3881/ab570f,2026-10-02,intake_row=2026-10-02; intake_round=confirmation-request-7 (response to confirmation request 7 transcribed as a candidate row by wave 290g); item=B9-VASCO; kind=observed-count; printed=about 150000 preliminary candidates; approximate count; the number of confirmed vanishings is NOT established; sigma_kind=none; gate=not-connected (a candidate key - the calibration gate reads orbital_period / eccentricity / periastron_advance only and no declaration in paper/data/judgement-sources.json points at this row); sigma_primary=unverified; verified_by=,,TRN-7e9b19cd,
VASCO,visually_inspected_candidates_candidate,23667,count,Villarroel B. et al. 2020 AJ 159 8,https://doi.org/10.3847/1538-3881/ab570f,2026-10-02,intake_row=2026-10-02; intake_round=confirmation-request-7 (response to confirmation request 7 transcribed as a candidate row by wave 290g); item=B9-VASCO; kind=observed-count; printed=23667 candidates inspected by eye; the number of confirmed vanishings is NOT established; sigma_kind=none; gate=not-connected (a candidate key - the calibration gate reads orbital_period / eccentricity / periastron_advance only and no declaration in paper/data/judgement-sources.json points at this row); sigma_primary=unverified; verified_by=,,TRN-3326f398,
VASCO,red_point_source_candidates_single_epoch_candidate,100,count,Villarroel B. et al. 2020 AJ 159 8,https://doi.org/10.3847/1538-3881/ab570f,2026-10-02,intake_row=2026-10-02; intake_round=confirmation-request-7 (response to confirmation request 7 transcribed as a candidate row by wave 290g); item=B9-VASCO; kind=observed-count; printed=about 100 remaining candidates; approximate count; the number of confirmed vanishings is NOT established; same_value_as=TRN-c4a2f815; sigma_kind=none; gate=not-connected (a candidate key - the calibration gate reads orbital_period / eccentricity / periastron_advance only and no declaration in paper/data/judgement-sources.json points at this row); sigma_primary=unverified; verified_by=,,TRN-a8e33423,
VASCO,transient_candidates_count_candidate,9,count,Villarroel B. et al. 2021 Sci Rep 11 12794,https://ui.adsabs.harvard.edu/abs/2021NatSR..1112794V,2026-10-02,intake_row=2026-10-02; intake_round=confirmation-request-7 (response to confirmation request 7 transcribed as a candidate row by wave 290g); item=B9-VASCO; kind=observed-count; printed=9 objects as reported in the paper; NOT a count of confirmed vanishings (the number of confirmed vanishings is NOT established); sigma_kind=none; gate=not-connected (a candidate key - the calibration gate reads orbital_period / eccentricity / periastron_advance only and no declaration in paper/data/judgement-sources.json points at this row); sigma_primary=unverified; verified_by=,,TRN-ff70953f,
AT2023fhn,peak_absolute_magnitude_candidate,-21.5,mag,Chrimes A.A. et al. 2024 MNRAS Letters 527 L47,https://doi.org/10.1093/mnrasl/slad145,2026-10-02,intake_row=2026-10-02; intake_round=confirmation-request-7 (response to confirmation request 7 transcribed as a candidate row by wave 290g); item=B10-AT2023fhn; kind=observed; printed=peak absolute magnitude -21.5 with no uncertainty printed; band not transcribed in this intake; sigma_kind=none; gate=not-connected (a candidate key - the calibration gate reads orbital_period / eccentricity / periastron_advance only and no declaration in paper/data/judgement-sources.json points at this row); sigma_primary=unverified; verified_by=,,TRN-deba7a61,
AT2023fhn,redshift_of_nearest_galaxies_candidate,0.24,1,Chrimes A.A. et al. 2024 MNRAS Letters 527 L47,https://doi.org/10.1093/mnrasl/slad145,2026-10-02,intake_row=2026-10-02; intake_round=confirmation-request-7 (response to confirmation request 7 transcribed as a candidate row by wave 290g); item=B10-AT2023fhn; kind=observed; printed=z ~ 0.24 (approximate); same_value_as=TRN-824359e7; sigma_kind=none; gate=not-connected (a candidate key - the calibration gate reads orbital_period / eccentricity / periastron_advance only and no declaration in paper/data/judgement-sources.json points at this row); sigma_primary=unverified; verified_by=,,TRN-87ddb40d,
AT2023fhn,projected_offset_from_nearest_galaxies_candidate,,half_light_radii,Chrimes A.A. et al. 2024 MNRAS Letters 527 L47,https://doi.org/10.1093/mnrasl/slad145,2026-10-02,intake_row=2026-10-02; intake_round=confirmation-request-7 (response to confirmation request 7 transcribed as a candidate row by wave 290g); item=B10-AT2023fhn; kind=lower-limit; value EMPTY because the printed quantity is a lower limit; lower_limit=3.5 (offset larger than 3.5 half-light radii); a large PROJECTED offset is not proof of empty space; sigma_kind=none; gate=not-connected (a candidate key - the calibration gate reads orbital_period / eccentricity / periastron_advance only and no declaration in paper/data/judgement-sources.json points at this row); sigma_primary=unverified; verified_by=,,TRN-4f3e49d6,
